Co ID,Company,Site (FB/Tw/LI),Job/Career (Yes/No),FB Tab,URL,Start Year,Notes
1,Google,FB,1,,https://www.facebook.com/lifeatgoogle,, 
1,Google,Tw,1,,https://twitter.com/lifeatgoogle,2009, 
1,Google,LI,1,,https://www.linkedin.com/groups/Google-Universe-Jobs-Tools-Trends-2930475?gid=2930475&mostPopular=&trk=tyah&trkInfo=clickedVertical%3Agroup%2Cidx%3A2-1-2%2CtarId%3A1427131259584%2Ctas%3Agoogle+job,, 
2,Boston Consulting Group,LI,1,,https://www.linkedin.com/company/1784?trk=tyah&trkInfo=clickedVertical%3Acompany%2Cidx%3A2-1-4%2CtarId%3A1427131302214%2Ctas%3Aboston+consulting+group+&trk=tyah&trkInfo=clickedVertical%3Acompany%2Cidx%3A2-1-4%2CtarId%3A1427131302214%2Ctas%3Aboston+consulting+group+&trk=tyah&trkInfo=clickedVertical%3Acompany%2Cidx%3A2-1-4%2CtarId%3A1427131302214%2Ctas%3Aboston+consulting+group+,, 
2,Boston Consulting Group,FB,0,,https://www.facebook.com/TheBostonConsultingGroup,, 
3,SAS,Tw,0,,https://twitter.com/SASsoftware,, 
3,SAS,FB,0,,https://www.facebook.com/SASsoftware,, 
3,SAS,LI,1,,https://www.linkedin.com/company/1491,, 
4,Wegmans Food Markets,FB,0,,https://www.facebook.com/Wegmans,, 
4,Wegmans Food Markets,Tw,0,,https://twitter.com/Wegmans,2009, 
5,Edward Jones,FB,1,,https://www.facebook.com/edwardjonescareers?fref=ts,, 
5,Edward Jones,Tw,0,,https://twitter.com/EdwardJones,2009, 
6,NetApp,FB,1,,https://www.facebook.com/netappcareers?fref=ts,, 
6,NetApp,Tw,1,,https://twitter.com/NetAppCareers,2009, 
6,NetApp,LI,1,,https://www.linkedin.com/company/netapp/careers?trk=top_nav_careers,, 
7,Camden Property Trust,LI,0,,https://www.linkedin.com/company/162872?trk=tyah&trkInfo=clickedVertical%3Acompany%2Cidx%3A2-1-4%2CtarId%3A1427387897314%2Ctas%3Acamden+property+trust+&trk=tyah&trkInfo=clickedVertical%3Acompany%2Cidx%3A2-1-4%2CtarId%3A1427387897314%2Ctas%3Acamden+property+trust+,, 
7,Camden Property Trust,Tw,0,,https://twitter.com/camdenliving,2009, 
7,Camden Property Trust,FB,0,1,https://www.facebook.com/CamdenLiving,, 
8,Recreational Equipment (REI),FB,0,,https://www.facebook.com/REI?fref=ts&rf=105647536165501,, 
8,Recreational Equipment (REI),Tw,0,,https://twitter.com/REI,2008, 
8,Recreational Equipment (REI),LI,1,,https://www.linkedin.com/company/165697?trk=tyah&trkInfo=clickedVertical%3Acompany%2Cidx%3A3-1-7%2CtarId%3A1427388113389%2Ctas%3Arei,, 
9,CHG Healthcare Services,LI,1,,https://www.linkedin.com/company/12687?trk=tyah&trkInfo=clickedVertical%3Acompany%2Cidx%3A2-1-4%2CtarId%3A1427388171150%2Ctas%3Achg+health,, 
9,CHG Healthcare Services,Tw,0,,https://twitter.com/CHGHealthcare,, 
9,CHG Healthcare Services,Fb,0,1,https://www.facebook.com/CHGFans?fref=ts,, 
10,Quicken Loans,Fb,1,,https://www.facebook.com/QLCareers?fref=ts,, 
10,Quicken Loans,Tw,1,,https://twitter.com/QLCareers,2011, 
10,Quicken Loans,LI,1,,https://www.linkedin.com/company/165627?trk=tyah&trkInfo=clickedVertical%3Acompany%2Cidx%3A2-1-4%2CtarId%3A1427388331688%2Ctas%3Aquicken+loans+&trk=tyah&trkInfo=clickedVertical%3Acompany%2Cidx%3A2-1-4%2CtarId%3A1427388331688%2Ctas%3Aquicken+loans+&trk=tyah&trkInfo=clickedVertical%3Acompany%2Cidx%3A2-1-4%2CtarId%3A1427388331688%2Ctas%3Aquicken+loans+,, 
11,Zappos.com,LI,0,,https://www.linkedin.com/company/14951?trk=tyah&trkInfo=clickedVertical%3Acompany%2Cidx%3A3-1-7%2CtarId%3A1427388371861%2Ctas%3Azappos+c&trk=tyah&trkInfo=clickedVertical%3Acompany%2Cidx%3A3-1-7%2CtarId%3A1427388371861%2Ctas%3Azappos&trk=tyah&trkInfo=clickedVertical%3Acompany%2Cidx%3A3-1-7%2CtarId%3A1427388371861%2Ctas%3Azappos,, 
11,Zappos.com,FB,0,1,https://www.facebook.com/zappos?fref=ts,, 
11,Zappos.com,Tw,1,,https://twitter.com/Zappos_Jobs,2012, 
12,Mercedes-Benz USA,Tw,1,,https://twitter.com/MBUSA_Careers,2011, 
12,Mercedes-Benz USA,LI,1,,https://www.linkedin.com/company/164934?trk=tyah&trkInfo=clickedVertical%3Acompany%2Cidx%3A3-2-10%2CtarId%3A1427388559259%2Ctas%3Amerce,, 
12,Mercedes-Benz USA,FB,0,,https://www.facebook.com/MercedesBenz?fref=ts,, 
13,DPR Construction,FB,0,,https://www.facebook.com/DPRConstruction?fref=ts,, 
13,DPR Construction,TW,0,,https://twitter.com/DPRConstruction,2009, 
13,DPR Construction,LI,0,,https://www.linkedin.com/company/12538?trk=tyah&trkInfo=clickedVertical%3Acompany%2Cidx%3A2-1-4%2CtarId%3A1427388664840%2Ctas%3ADPR+CONSTRUCTION+JO&trk=tyah&trkInfo=clickedVertical%3Acompany%2Cidx%3A2-1-4%2CtarId%3A1427388664840%2Ctas%3ADPR+CONSTRUCTION+&trk=tyah&trkInfo=clickedVertical%3Acompany%2Cidx%3A2-1-4%2CtarId%3A1427388664840%2Ctas%3ADPR+CONSTRUCTION+,, 
14,DreamWorks Animation SKG,LI,0,,https://www.linkedin.com/company/4080,, 
14,DreamWorks Animation SKG,TW,0,,https://twitter.com/DWAnimation,2009, 
14,DreamWorks Animation SKG,FB,0,,https://www.facebook.com/DreamWorksAnimation?fref=ts,, 
15,NuStar Energy,FB,0,,https://www.facebook.com/pages/NuStar-Energy/112170275467147?fref=ts,, 
15,NuStar Energy,TW,0,,https://twitter.com/NuStarEnergyLP,2009, 
15,NuStar Energy,LI,0,,https://www.linkedin.com/company/7888?trk=tyah&trkInfo=clickedVertical%3Acompany%2Cidx%3A2-1-4%2CtarId%3A1427388828706%2Ctas%3ANUSTAR+ENERGY+&trk=tyah&trkInfo=clickedVertical%3Acompany%2Cidx%3A2-1-4%2CtarId%3A1427388828706%2Ctas%3ANUSTAR+ENERGY+&trk=tyah&trkInfo=clickedVertical%3Acompany%2Cidx%3A2-1-4%2CtarId%3A1427388828706%2Ctas%3ANUSTAR+ENERGY+,, 
16,Kimpton Hotels & Restaurants,LI,0,,https://www.linkedin.com/company/15034?trk=tyah&trkInfo=clickedVertical%3Acompany%2Cidx%3A2-1-4%2CtarId%3A1427388847209%2Ctas%3AKIMPTON+HOTE,, 
16,Kimpton Hotels & Restaurants,TW,1,,https://twitter.com/Kimpton_Careers,2011, 
16,Kimpton Hotels & Restaurants,FB,0,,https://www.facebook.com/Kimpton?fref=ts&rf=112145482229508,, 
17,JM Family Enterprises,FB,0,1,https://www.facebook.com/JMFamilyEnterprises?fref=ts,, 
17,JM Family Enterprises,TW,1,,https://twitter.com/JMFamilyCareers,2013, 
17,JM Family Enterprises,LI,1,,https://www.linkedin.com/company/164539?trk=tyah&trkInfo=clickedVertical%3Acompany%2Cidx%3A2-1-4%2CtarId%3A1427388969777%2Ctas%3AJM+FAMILY+&trk=tyah&trkInfo=clickedVertical%3Acompany%2Cidx%3A2-1-4%2CtarId%3A1427388969777%2Ctas%3AJM+FAMILY+&trk=tyah&trkInfo=clickedVertical%3Acompany%2Cidx%3A2-1-4%2CtarId%3A1427388969777%2Ctas%3AJM+FAMILY+,, 
18,Chesapeake Energy,FB,0,1,https://www.facebook.com/Chesapeake?fref=ts,, 
18,Chesapeake Energy,TW,1,,https://twitter.com/chkcareers,2010, 
18,Chesapeake Energy,LI,0,,https://www.linkedin.com/company/163009,, 
19,Intuit,LI,1,,https://www.linkedin.com/company/1666,, 
19,Intuit,TW,0,,https://twitter.com/Intuit,2007, 
20,USAA,TW,1,,https://twitter.com/USAA_jobs,2009, 
20,USAA,FB,1,,https://www.facebook.com/usaacareers?fref=ts&ref=br_tf,, 
20,USAA,LI,1,,https://www.linkedin.com/company/4501?trk=tyah&trkInfo=clickedVertical%3Acompany%2Cidx%3A2-1-4%2CtarId%3A1427770821480%2Ctas%3AUSAA+&trk=tyah&trkInfo=clickedVertical%3Acompany%2Cidx%3A2-1-4%2CtarId%3A1427770821480%2Ctas%3AUSAA+&trk=tyah&trkInfo=clickedVertical%3Acompany%2Cidx%3A2-1-4%2CtarId%3A1427770821480%2Ctas%3AUSAA+,, 
21,Robert W. Baird,LI,1,,https://www.linkedin.com/company/6983?trk=tyah&trkInfo=clickedVertical%3Acompany%2Cidx%3A2-1-4%2CtarId%3A1427770852481%2Ctas%3AROBERT+W.+BAIRD+&trk=tyah&trkInfo=clickedVertical%3Acompany%2Cidx%3A2-1-4%2CtarId%3A1427770852481%2Ctas%3AROBERT+W.+BAIRD+&trk=tyah&trkInfo=clickedVertical%3Acompany%2Cidx%3A2-1-4%2CtarId%3A1427770852481%2Ctas%3AROBERT+W.+BAIRD+,, 
21,Robert W. Baird,FB,0,1,https://www.facebook.com/RobertWBairdandCompany?fref=ts,, 
21,Robert W. Baird,TW,1,,https://twitter.com/bairdcareers,2010, 
22,Container Store,TW,0,,https://twitter.com/ContainerStore,2009, 
22,Container Store,FB,0,1,https://www.facebook.com/containerstore?fref=ts,, 
22,Container Store,LI,1,,https://www.linkedin.com/company/18062?trk=tyah&trkInfo=clickedVertical%3Acompany%2Cidx%3A2-1-4%2CtarId%3A1427771019615%2Ctas%3ACONTAINER+STORE+&trk=tyah&trkInfo=clickedVertical%3Acompany%2Cidx%3A2-1-4%2CtarId%3A1427771019615%2Ctas%3ACONTAINER+STORE+,, 
23,Qualcomm,FB,1,,https://www.facebook.com/QualcommCareers?fref=ts,, 
23,Qualcomm,TW,1,,https://twitter.com/QualcommCareers,2014, 
23,Qualcomm,LI,1,,https://www.linkedin.com/company/2017,, 
24,Alston & Bird,LI,0,,https://www.linkedin.com/company/8342?trk=tyah&trkInfo=clickedVertical%3Acompany%2Cidx%3A2-1-4%2CtarId%3A1427843787575%2Ctas%3AALSTON+%26+BIRD+CA&trk=tyah&trkInfo=clickedVertical%3Acompany%2Cidx%3A2-1-4%2CtarId%3A1427843787575%2Ctas%3AALSTON+%26+BIRD+&trk=tyah&trkInfo=clickedVertical%3Acompany%2Cidx%3A2-1-4%2CtarId%3A1427843787575%2Ctas%3AALSTON+%26+BIRD+,, 
24,Alston & Bird,FB,0,,https://www.facebook.com/pages/Alston-Bird-LLP/109329898949?fref=ts,, 
24,Alston & Bird,TW,0,,https://twitter.com/AlstonBirdLLP,2009, 
25,Ultimate Software,TW,1,,https://twitter.com/UltiCareers,2011, 
25,Ultimate Software,FB,0,,https://www.facebook.com/UltimateSoftware?fref=ts,,about our workplace tab 
25,Ultimate Software,LI,1,,https://www.linkedin.com/company/166574?trk=tyah&trkInfo=clickedVertical%3Acompany%2Cidx%3A2-1-4%2CtarId%3A1427843904397%2Ctas%3AULTIMATE+SOFTWARE+&trk=tyah&trkInfo=clickedVertical%3Acompany%2Cidx%3A2-1-4%2CtarId%3A1427843904397%2Ctas%3AULTIMATE+SOFTWARE+&trk=tyah&trkInfo=clickedVertical%3Acompany%2Cidx%3A2-1-4%2CtarId%3A1427843904397%2Ctas%3AULTIMATE+SOFTWARE+,, 
26,Burns & McDonnell,LI,1,,https://www.linkedin.com/company/12902?trk=tyah&trkInfo=clickedVertical%3Acompany%2Cidx%3A2-2-5%2CtarId%3A1427843926075%2Ctas%3ABURNS+,, 
26,Burns & McDonnell,TW,1,,https://twitter.com/BurnsMcdCareers,2011, 
26,Burns & McDonnell,FB,1,,https://www.facebook.com/BurnsMcDonnellCareers?fref=ts,, 
27,Salesforce.com,FB,0,,https://www.facebook.com/salesforce?fref=ts,, 
27,Salesforce.com,TW,1,,https://twitter.com/salesforcejobs,2009, 
27,Salesforce.com,LI,1,,https://www.linkedin.com/company/3185?trk=tyah&trkInfo=clickedVertical%3Acompany%2Cidx%3A2-1-4%2CtarId%3A1427844090664%2Ctas%3ASALESFOR,, 
28,Devon Energy,LI,1,,https://www.linkedin.com/company/6848?trk=tyah&trkInfo=clickedVertical%3Acompany%2Cidx%3A2-1-4%2CtarId%3A1427844257202%2Ctas%3ADEVON+ENERGY+&trk=tyah&trkInfo=clickedVertical%3Acompany%2Cidx%3A2-1-4%2CtarId%3A1427844257202%2Ctas%3ADEVON+ENERGY+,, 
28,Devon Energy,TW,1,,https://twitter.com/devoncareers,2013, 
29,PCL Construction Enterprises,TW,1,,https://twitter.com/pclcareers,2012, 
29,PCL Construction Enterprises,FB,0,1,https://www.facebook.com/PCLconstruction?fref=ts,, 
29,PCL Construction Enterprises,LI,1,,https://www.linkedin.com/company/15739?trk=tyah&trkInfo=clickedVertical%3Acompany%2Cidx%3A2-1-4%2CtarId%3A1427844471603%2Ctas%3APCL+CONSTRUCTION,, 
30,Bingham McCutchen,LI,0,,https://www.linkedin.com/company/162711?trk=tyah&trkInfo=clickedVertical%3Acompany%2Cidx%3A2-1-4%2CtarId%3A1427844496128%2Ctas%3ABINGHAM+MC,, 
30,Bingham McCutchen,Tw,0,,https://twitter.com/binghamlaw,2009, 
31,Scottrade,TW,1,,https://twitter.com/workatscottrade,2010, 
31,Scottrade,FB,0,1,https://www.facebook.com/Scottrade?fref=ts,, 
31,Scottrade,LI,1,,https://www.linkedin.com/company/9385?trk=tyah&trkInfo=clickedVertical%3Acompany%2Cidx%3A2-1-4%2CtarId%3A1427845317097%2Ctas%3ASCOTTRADE+&trk=tyah&trkInfo=clickedVertical%3Acompany%2Cidx%3A2-1-4%2CtarId%3A1427845317097%2Ctas%3ASCOTTRADE+,, 
32,Whole Foods Market,FB,1,,https://www.facebook.com/wholefoodsmarketcareers?fref=ts,, 
32,Whole Foods Market,TW,1,,https://twitter.com/wfmcareers,2014, 
32,Whole Foods Market,LI,1,,https://www.linkedin.com/company/3675875?trk=tyah&trkInfo=clickedVertical%3Ashowcase%2Cidx%3A4-1-9%2CtarId%3A1427845807269%2Ctas%3AWHOLE+FOODS+MARKET,, 
33,Goldman Sachs,LI,1,,https://www.linkedin.com/company/1382?trk=tyah&trkInfo=clickedVertical%3Acompany%2Cidx%3A2-1-4%2CtarId%3A1427845895520%2Ctas%3AGOLDMAN+SACHS,, 
33,Goldman Sachs,FB,1,,https://www.facebook.com/goldmansachscareers?fref=ts,, 
33,Goldman Sachs,TW,1,,https://twitter.com/GSCareers,2013, 
34,Nugget Market,FB,0,,https://www.facebook.com/nuggetmarkets?fref=ts,, 
34,Nugget Market,TW,0,,https://twitter.com/Nugget_Market,2009, 
34,Nugget Market,LI,0,,https://www.linkedin.com/company/8786727?trk=tyah&trkInfo=clickedVertical%3Acompany%2Cidx%3A1-1-1%2CtarId%3A1427849849015%2Ctas%3ANUGGET+MARKETS,, 
35,Millennium: The Takeda Oncology Company,LI,0,,https://www.linkedin.com/company/4682?trk=tyah&trkInfo=clickedVertical%3Acompany%2Cidx%3A3-2-8%2CtarId%3A1427849883551%2Ctas%3ATAKEDA+,, 
35,Millennium: The Takeda Oncology Company,TW,0,,https://twitter.com/TakedaOncology,2011, 
35,Millennium: The Takeda Oncology Company,FB,0,1,https://www.facebook.com/TakedaOncology?fref=ts,, 
36,Southern Ohio Medical Center,FB,0,,https://www.facebook.com/SouthernOhioMedicalCenter?fref=ts,, 
36,Southern Ohio Medical Center,LI,1,,https://www.linkedin.com/company/651918?trk=tyah&trkInfo=clickedVertical%3Acompany%2Cidx%3A1-1-1%2CtarId%3A1427850061717%2Ctas%3ASOUTHERN+OHIO+MED,, 
36,Southern Ohio Medical Center,TW,0,,https://twitter.com/somc_health,2009, 
37,Plante Moran,FB,0,1,https://www.facebook.com/plantemoran,, 
37,Plante Moran,TW,0,,https://twitter.com/PlanteMoran,2009, 
37,Plante Moran,LI,1,,https://www.linkedin.com/company/8795?trk=tyah&trkInfo=clickedVertical%3Acompany%2Cidx%3A2-1-4%2CtarId%3A1427850168382%2Ctas%3APLANTE+MORAN,, 
38,W. L. Gore & Associates,LI,1,,https://www.linkedin.com/company/5996?trk=tyah&trkInfo=clickedVertical%3Acompany%2Cidx%3A3-1-3%2CtarId%3A1427851019294%2Ctas%3AW.L.+GORE,, 
38,W. L. Gore & Associates,FB,0,,https://www.facebook.com/pages/WL-Gore-Associates/177071832305185?fref=ts,, 
39,St. Jude Children's Research Hospital,FB,0,1,https://www.facebook.com/stjude?fref=ts,, 
39,St. Jude Children's Research Hospital,TW,1,,https://twitter.com/joinstjude,2014, 
39,St. Jude Children's Research Hospital,LI,1,,https://www.linkedin.com/company/7639,, 
40,SVB Financial Group,LI,0,,https://www.linkedin.com/company/5090?trk=tyah&trkInfo=clickedVertical%3Acompany%2Cidx%3A3-3-9%2CtarId%3A1427851177511%2Ctas%3ASVB+,, 
40,SVB Financial Group,TW,1,,https://twitter.com/svb_careers,2010, 
40,SVB Financial Group,FB,0,,https://www.facebook.com/SVBFinancialGroup?fref=ts,, 
41,Adobe,FB,0,,https://www.facebook.com/Adobe?fref=ts,, 
41,Adobe,TW,1,,https://twitter.com/AdobeCareers,2011, 
41,Adobe,LI,1,,https://www.linkedin.com/company/1480?trk=tyah&trkInfo=clickedVertical%3Acompany%2Cidx%3A2-1-4%2CtarId%3A1427851289567%2Ctas%3AADOBE+CA&trk=tyah&trkInfo=clickedVertical%3Acompany%2Cidx%3A2-1-4%2CtarId%3A1427851289567%2Ctas%3AADOBE+,, 
42,Baptist Health South Florida,LI,1,,https://www.linkedin.com/company/14991?trk=tyah&trkInfo=clickedVertical%3Acompany%2Cidx%3A2-3-6%2CtarId%3A1427851316393%2Ctas%3ABAPTIST+HEALTH+S,, 
42,Baptist Health South Florida,FB,0,1,https://www.facebook.com/BaptistHealthSF?fref=ts,, 
42,Baptist Health South Florida,TW,0,,https://twitter.com/baptisthealthsf,2009, 
43,Novo Nordisk,FB,1,,https://www.facebook.com/novonordiskcareers,, 
43,Novo Nordisk,TW,0,,https://twitter.com/novonordisk,2010, 
43,Novo Nordisk,LI,1,,https://www.linkedin.com/company/2227?trk=tyah&trkInfo=clickedVertical%3Acompany%2Cidx%3A2-1-4%2CtarId%3A1427851449634%2Ctas%3ANOVO+NORDISK,, 
44,Balfour Beatty Construction,LI,1,,https://www.linkedin.com/company/17438?trk=tyah&trkInfo=clickedVertical%3Acompany%2Cidx%3A2-1-4%2CtarId%3A1427851489322%2Ctas%3ABALFOUR+BEATTY+&trk=tyah&trkInfo=clickedVertical%3Acompany%2Cidx%3A2-1-4%2CtarId%3A1427851489322%2Ctas%3ABALFOUR+BEATTY,, 
44,Balfour Beatty Construction,TW,0,,https://twitter.com/balfourbeatty,2011, 
44,Balfour Beatty Construction,FB,0,,https://www.facebook.com/balfourbeatty?fref=ts,, 
45,National Instruments,FB,0,,https://www.facebook.com/NationalInstruments?fref=ts,, 
45,National Instruments,TW,1,,https://twitter.com/nicareers,2016, 
45,National Instruments,LI,1,,https://www.linkedin.com/company/3433?trk=tyah&trkInfo=clickedVertical%3Acompany%2Cidx%3A2-1-4%2CtarId%3A1427851604484%2Ctas%3ANATIONAL+INSTRUMENTS+,, 
46,Intel,LI,1,,https://www.linkedin.com/company/1053?trk=tyah&trkInfo=clickedVertical%3Acompany%2Cidx%3A2-1-4%2CtarId%3A1427851620258%2Ctas%3AINTEL,, 
46,Intel,TW,1,,https://twitter.com/JobsatIntel,2008, 
46,Intel,FB,1,,https://www.facebook.com/jobsatintel,, 
47,American Fidelity Assurance,FB,1,,https://www.facebook.com/AmericanFidelityCareers,, 
47,American Fidelity Assurance,TW,1,,https://twitter.com/careersataf,2009, 
47,American Fidelity Assurance,LI,1,,https://www.linkedin.com/company/26205?trk=tyah&trkInfo=clickedVertical%3Acompany%2Cidx%3A3-1-4%2CtarId%3A1427851827503%2Ctas%3AAMERICAN+FIDELITY+,, 
48,PricewaterhouseCoopers,LI,1,,https://www.linkedin.com/company/1044?trk=tyah&trkInfo=clickedVertical%3Acompany%2Cidx%3A3-1-9%2CtarId%3A1427851854802%2Ctas%3APWC,, 
48,PricewaterhouseCoopers,TW,1,,https://twitter.com/PwC_US_Careers,2009, 
48,PricewaterhouseCoopers,FB,1,,https://www.facebook.com/PwCUSCareers?fref=ts,, 
49,Children's Healthcare of Atlanta,FB,0,,https://www.facebook.com/ChildrensHealthcareofAtlanta?fref=ts,, 
49,Children's Healthcare of Atlanta,LI,1,,https://www.linkedin.com/company/9553?trk=tyah&trkInfo=clickedVertical%3Acompany%2Cidx%3A2-3-6%2CtarId%3A1427851987792%2Ctas%3ACHILDREN%27S+HEALTHCARE+,, 
49,Children's Healthcare of Atlanta,TW,0,,https://twitter.com/childrensatl,2010, 
50,World Wide Technology,LI,1,,https://www.linkedin.com/company/9089?trk=tyah&trkInfo=clickedVertical%3Acompany%2Cidx%3A2-1-4%2CtarId%3A1427852021654%2Ctas%3AWORLD+WIDE+TECHNOLOGY,, 
50,World Wide Technology,FB,0,,https://www.facebook.com/pages/World-Wide-Technology-Inc/75577218799?fref=ts,, 
50,World Wide Technology,TW,0,,https://twitter.com/wwt_inc,2011, 
51,Allianz Life Insurance,TW,1,,https://twitter.com/AllianzCareers,2010, 
51,Allianz Life Insurance,LI,1,,https://www.linkedin.com/company/2979?trk=tyah&trkInfo=clickedVertical%3Acompany%2Cidx%3A2-1-4%2CtarId%3A1427852119404%2Ctas%3AALLIANZ+&trk=tyah&trkInfo=clickedVertical%3Acompany%2Cidx%3A2-1-4%2CtarId%3A1427852119404%2Ctas%3AALLIANZ+,, 
52,Autodesk,LI,1,,https://www.linkedin.com/company/1879?trk=tyah&trkInfo=clickedVertical%3Acompany%2Cidx%3A2-1-4%2CtarId%3A1427852142939%2Ctas%3AAUTODESK,, 
52,Autodesk,TW,1,,https://twitter.com/Autodeskers,2011, 
52,Autodesk,FB,1,,https://www.facebook.com/AutodeskCareers?fref=ts,, 
53,Methodist Hospital System,FB,0,,https://www.facebook.com/JobsatMethodistHealthSystem,, 
53,Methodist Hospital System,TW,1,,https://twitter.com/hmethodistjobs,2013, 
53,Methodist Hospital System,LI,0,,https://www.linkedin.com/company/27573,, 
54,Baker Donelson,LI,1,,https://www.linkedin.com/company/18418?trk=tyah&trkInfo=clickedVertical%3Acompany%2Cidx%3A2-1-4%2CtarId%3A1427852292873%2Ctas%3ABAKER+DONELSON,, 
54,Baker Donelson,FB,0,,https://www.facebook.com/BakerDonelson,, 
54,Baker Donelson,TW,0,,https://twitter.com/Baker_Donelson,2009, 
55,Men's Wearhouse,FB,0,,https://www.facebook.com/MensWearhouse?fref=ts,, 
55,Men's Wearhouse,TW,0,,https://twitter.com/menswearhouse,2009, 
55,Men's Wearhouse,LI,1,,https://www.linkedin.com/company/410499?trk=tyah&trkInfo=clickedVertical%3Acompany%2Cidx%3A2-1-4%2CtarId%3A1427854981047%2Ctas%3Amen%27s+wearhouse,, 
56,Scripps Health,LI,1,,https://www.linkedin.com/company/14822?trk=tyah&trkInfo=clickedVertical%3Acompany%2Cidx%3A2-1-4%2CtarId%3A1427855016497%2Ctas%3Ascripps+health+,, 
56,Scripps Health,TW,1,,https://twitter.com/EWScrippsJobs,2013, 
56,Scripps Health,FB,0,1,https://www.facebook.com/scrippshealth?fref=ts,, 
57,Marriott International,FB,1,,https://www.facebook.com/marriottjobsandcareers,, 
57,Marriott International,TW,1,,https://twitter.com/MarriottCareers,2010, 
57,Marriott International,LI,1,,https://www.linkedin.com/company/2311?trk=tyah&trkInfo=clickedVertical%3Acompany%2Cidx%3A2-1-2%2CtarId%3A1427855498648%2Ctas%3AMARRIOTT+INTERNATIONAL+,, 
58,Perkins Coie,LI,1,,https://www.linkedin.com/company/6765?trk=tyah&trkInfo=clickedVertical%3Acompany%2Cidx%3A2-1-4%2CtarId%3A1427855535320%2Ctas%3APERKINS+COIE,, 
58,Perkins Coie,TW,0,,https://twitter.com/PerkinsCoieLLP,2009, 
58,Perkins Coie,FB,0,,https://www.facebook.com/PerkinsCoieLlp?fref=ts,, 
59,Ernst & Young,FB,1,,https://www.facebook.com/eyuscareers,, 
59,Ernst & Young,LI,1,,https://www.linkedin.com/company/1073?trk=tyah&trkInfo=clickedVertical%3Acompany%2Cidx%3A2-2-5%2CtarId%3A1427855796989%2Ctas%3AERNST+%26+YOUN,, 
59,Ernst & Young,TW,1,,https://twitter.com/EY_CareersUS,2008, 
60,American Express,FB,0,1,https://www.facebook.com/AmericanExpressUS?fref=ts,, 
60,American Express,TW,0,,https://twitter.com/AmericanExpress,2009, 
60,American Express,LI,1,,https://www.linkedin.com/company/1277?trk=tyah&trkInfo=clickedVertical%3Acompany%2Cidx%3A3-1-7%2CtarId%3A1427855880937%2Ctas%3AAMERICAN+EXPRESS,, 
61,Nordstrom,LI,1,,https://www.linkedin.com/company/3379?trk=tyah&trkInfo=clickedVertical%3Acompany%2Cidx%3A2-1-4%2CtarId%3A1427855924493%2Ctas%3ANORDSTROM+,, 
61,Nordstrom,TW,1,,https://twitter.com/JobsAtNordstrom,2012, 
61,Nordstrom,FB,0,,https://www.facebook.com/Nordstrom?fref=ts,, 
62,Build-A-Bear Workshop,FB,0,,https://www.facebook.com/Buildabear?fref=ts,, 
62,Build-A-Bear Workshop,TW,0,,https://twitter.com/buildabear,2008, 
62,Build-A-Bear Workshop,LI,0,,https://www.linkedin.com/company/17574?trk=tyah&trkInfo=clickedVertical%3Acompany%2Cidx%3A3-1-5%2CtarId%3A1427856098480%2Ctas%3ABUILD-A-BEAR,, 
63,General Mills,LI,1,,https://www.linkedin.com/company/2822?trk=tyah&trkInfo=clickedVertical%3Acompany%2Cidx%3A2-1-4%2CtarId%3A1427856134261%2Ctas%3AGENERAL+MILLS,, 
63,General Mills,TW,1,,https://twitter.com/GenMillsCareers,2010, 
63,General Mills,FB,1,,https://www.facebook.com/generalmillscareers?fref=ts,, 
64,TDIndustries,LI,1,,https://www.linkedin.com/company/23004?trk=tyah&trkInfo=clickedVertical%3Acompany%2Cidx%3A2-1-4%2CtarId%3A1427856304175%2Ctas%3ATDINDUSTRIES,, 
64,TDIndustries,TW,0,,https://twitter.com/tdindustries,2014, 
65,Atlantic Health,FB,1,,https://www.facebook.com/atlantichealthcareers?fref=ts,, 
65,Atlantic Health,TW,1,,https://twitter.com/ahcareers,2009, 
65,Atlantic Health,LI,0,,https://www.linkedin.com/company/11804,, 
66,QuikTrip,LI,0,,https://www.linkedin.com/company/39542?trk=tyah&trkInfo=clickedVertical%3Acompany%2Cidx%3A2-1-4%2CtarId%3A1427856565402%2Ctas%3AQUIKTRIP,, 
66,QuikTrip,TW,0,,https://twitter.com/QuikTrip,2013, 
66,QuikTrip,FB,0,,https://www.facebook.com/Quiktrip?fref=ts,, 
67,Deloitte,FB,1,,https://www.facebook.com/CareersAtDeloitte?fref=ts,, 
67,Deloitte,TW,1,,https://twitter.com/lifeatdeloitte,2009, 
67,Deloitte,LI,1,,https://www.linkedin.com/company/1038?trk=tyah&trkInfo=clickedVertical%3Acompany%2Cidx%3A2-1-4%2CtarId%3A1427856925361%2Ctas%3ADELOITTE+C&trk=tyah&trkInfo=clickedVertical%3Acompany%2Cidx%3A2-1-4%2CtarId%3A1427856925361%2Ctas%3ADELOITTE+,, 
68,Genentech,FB,1,,https://www.facebook.com/GenentechJobs?fref=ts,, 
68,Genentech,TW,1,,https://twitter.com/GenentechJobs,2009, 
68,Genentech,LI,1,,https://www.linkedin.com/company/2276?trk=tyah&trkInfo=clickedVertical%3Acompany%2Cidx%3A2-1-4%2CtarId%3A1427857299061%2Ctas%3AGENENTECH,, 
69,Umpqua Bank,FB,0,,https://www.facebook.com/umpquabank?fref=ts,, 
69,Umpqua Bank,TW,1,,https://twitter.com/umpquabankjobs,2009, 
69,Umpqua Bank,LI,1,,https://www.linkedin.com/company/17603?trk=tyah&trkInfo=clickedVertical%3Acompany%2Cidx%3A2-1-4%2CtarId%3A1428356083315%2Ctas%3AUMPQUA+BANK+&trk=tyah&trkInfo=clickedVertical%3Acompany%2Cidx%3A2-1-4%2CtarId%3A1428356083315%2Ctas%3AUMPQUA+BANK+&trk=tyah&trkInfo=clickedVertical%3Acompany%2Cidx%3A2-1-4%2CtarId%3A1428356083315%2Ctas%3AUMPQUA+BANK+&trk=tyah&trkInfo=clickedVertical%3Acompany%2Cidx%3A2-1-4%2CtarId%3A1428356083315%2Ctas%3AUMPQUA+BANK+,, 
70,Teach For America,LI,1,,https://www.linkedin.com/company/157314?trk=tyah&trkInfo=clickedVertical%3Acompany%2Cidx%3A3-1-7%2CtarId%3A1428356111859%2Ctas%3ATEACH+FOR+AMERICA,, 
70,Teach For America,TW,1,,https://twitter.com/tfacareers,2012, 
70,Teach For America,FB,0,,https://www.facebook.com/teachforamerica?fref=ts,, 
71,Mayo Clinic,FB,1,,https://www.facebook.com/mayoclinicjobs/,, 
71,Mayo Clinic,TW,1,,https://twitter.com/mayoclinicjobs,2008, 
71,Mayo Clinic,LI,1,,https://www.linkedin.com/company/4725?trk=tyah&trkInfo=clickedVertical%3Acompany%2Cidx%3A2-1-4%2CtarId%3A1428356247732%2Ctas%3AMAYO+CLINIC+J&trk=tyah&trkInfo=clickedVertical%3Acompany%2Cidx%3A2-1-4%2CtarId%3A1428356247732%2Ctas%3AMAYO+CLINIC+,, 
72,EOG Resources,LI,1,,https://www.linkedin.com/company/22849?trk=tyah&trkInfo=clickedVertical%3Acompany%2Cidx%3A2-1-4%2CtarId%3A1428356307677%2Ctas%3AEOG+RESOUR,, 
73,Starbucks,FB,0,1,https://www.facebook.com/Starbucks?fref=ts,, 
73,Starbucks,TW,1,,https://twitter.com/StarbucksJobs,2009, 
73,Starbucks,LI,1,,https://www.linkedin.com/company/2271?trk=tyah&trkInfo=clickedVertical%3Acompany%2Cidx%3A3-1-7%2CtarId%3A1428356435298%2Ctas%3ASTARBUCKS+CA&trk=tyah&trkInfo=clickedVertical%3Acompany%2Cidx%3A3-1-7%2CtarId%3A1428356435298%2Ctas%3ASTARBUCKS+C,, 
74,Rackspace Hosting,LI,1,,https://www.linkedin.com/company/5234?trk=tyah&trkInfo=clickedVertical%3Acompany%2Cidx%3A2-1-4%2CtarId%3A1428356476261%2Ctas%3ARACKSPACE+HOSTING,, 
74,Rackspace Hosting,TW,1,,https://twitter.com/RackspaceJobs/status/8915237458,2009, 
74,Rackspace Hosting,FB,1,,https://www.facebook.com/RackspaceCareers?fref=ts,, 
75,FactSet Research Systems,FB,0,1,https://www.facebook.com/FactSet?fref=ts,, 
75,FactSet Research Systems,TW,1,,https://twitter.com/FactSetCareers,2009, 
75,FactSet Research Systems,LI,0,,https://www.linkedin.com/company/163755?trk=tyah&trkInfo=clickedVertical%3Acompany%2Cidx%3A2-1-4%2CtarId%3A1428356611811%2Ctas%3AFACTSET+,, 
76,Microsoft,LI,1,,https://www.linkedin.com/company/1035?trk=tyah&trkInfo=clickedVertical%3Acompany%2Cidx%3A2-1-4%2CtarId%3A1428356648177%2Ctas%3AMICROSOFT+JOB&trk=tyah&trkInfo=clickedVertical%3Acompany%2Cidx%3A2-1-4%2CtarId%3A1428356648177%2Ctas%3AMICROSOFT+&trk=tyah&trkInfo=clickedVertical%3Acompany%2Cidx%3A2-1-4%2CtarId%3A1428356648177%2Ctas%3AMICROSOFT+,, 
76,Microsoft,TW,1,,https://twitter.com/MicrosoftJobs,2008, 
76,Microsoft,FB,1,,https://www.facebook.com/MicrosoftCareers?fref=ts,, 
77,Aflac,FB,0,,https://www.facebook.com/Aflac/?fref=ts,, 
77,Aflac,TW,0,,https://twitter.com/Aflac,2011, 
77,Aflac,LI,1,,https://www.linkedin.com/company/3997?trk=tyah&trkInfo=clickedVertical%3Acompany%2Cidx%3A2-1-4%2CtarId%3A1428356797304%2Ctas%3AAFLAC+CA&trk=tyah&trkInfo=clickedVertical%3Acompany%2Cidx%3A2-1-4%2CtarId%3A1428356797304%2Ctas%3AAFLAC+&trk=tyah&trkInfo=clickedVertical%3Acompany%2Cidx%3A2-1-4%2CtarId%3A1428356797304%2Ctas%3AAFLAC+,, 
78,Publix Super Markets,LI,1,,https://www.linkedin.com/company/7242?trk=tyah&trkInfo=clickedVertical%3Acompany%2Cidx%3A2-1-4%2CtarId%3A1428356827489%2Ctas%3APUBLIX,, 
78,Publix Super Markets,TW,1,,https://twitter.com/PublixJobs,2009, 
78,Publix Super Markets,FB,1,,https://www.facebook.com/publixcareers?fref=ts,, 
79,Mattel,FB,1,,https://www.facebook.com/MattelCareers/,, 
79,Mattel,TW,1,,https://twitter.com/MattelRecruiter,2009, 
79,Mattel,LI,1,,https://www.linkedin.com/company/3214?trk=tyah&trkInfo=clickedVertical%3Acompany%2Cidx%3A2-1-4%2CtarId%3A1428356978918%2Ctas%3AMATTEL,, 
80,Stryker,TW,1,,https://twitter.com/Stryker_Jobs,2011, 
80,Stryker,LI,1,,https://www.linkedin.com/company/3282?trk=tyah&trkInfo=clickedVertical%3Acompany%2Cidx%3A2-1-4%2CtarId%3A1428357668667%2Ctas%3ASTRYKER+JOB&trk=tyah&trkInfo=clickedVertical%3Acompany%2Cidx%3A2-1-4%2CtarId%3A1428357668667%2Ctas%3ASTRYKER+,, 
81,SRC/SRCTec,LI,0,,https://www.linkedin.com/company/349093?trk=tyah&trkInfo=clickedVertical%3Acompany%2Cidx%3A1-1-1%2CtarId%3A1428357695035%2Ctas%3ASRCTEC,, 
81,SRC/SRCTec,TW,1,,https://twitter.com/SRCTecCareers,2009, 
82,Hasbro,TW,1,,https://twitter.com/hasbrocareers,, 
82,Hasbro,LI,1,,https://www.linkedin.com/company/4934,, 
83,Bright Horizons Family Solutions,LI,1,,https://www.linkedin.com/company/9187?trk=tyah&trkInfo=clickedVertical%3Acompany%2Cidx%3A2-1-4%2CtarId%3A1428357913588%2Ctas%3ABRIGHT+HORIZON,, 
83,Bright Horizons Family Solutions,TW,1,,https://twitter.com/BHCareers,2015, 
83,Bright Horizons Family Solutions,FB,1,,https://www.facebook.com/BrightHorizonsCareers?fref=ts,, 
84,Booz Allen Hamilton,FB,0,,https://www.facebook.com/boozallen?fref=ts,, 
84,Booz Allen Hamilton,TW,0,,https://twitter.com/BoozAllen,2008, 
84,Booz Allen Hamilton,LI,1,,https://www.linkedin.com/company/1403?trk=tyah&trkInfo=clickedVertical%3Acompany%2Cidx%3A2-1-4%2CtarId%3A1428358240413%2Ctas%3ABOOZ+ALLEN+HAMILTON,, 
85,Hitachi Data Systems,LI,1,,https://www.linkedin.com/company/3065?trk=tyah&trkInfo=clickedVertical%3Acompany%2Cidx%3A2-1-4%2CtarId%3A1428358264263%2Ctas%3AHITACHI+,, 
85,Hitachi Data Systems,TW,1,,https://twitter.com/hdscareers,2010, 
85,Hitachi Data Systems,FB,1,,https://www.facebook.com/HDSCareers?fref=ts,, 
86,The Everett Clinic,FB,0,,https://www.facebook.com/TheEverettClinic?fref=ts,, 
86,The Everett Clinic,TW,0,,https://twitter.com/everettclinic,2009, 
86,The Everett Clinic,LI,0,,https://www.linkedin.com/company/28556?trk=tyah&trkInfo=clickedVertical%3Acompany%2Cidx%3A1-1-1%2CtarId%3A1428358388063%2Ctas%3AEVERETT+CLINI,, 
87,OhioHealth,LI,1,,https://www.linkedin.com/company/8390?trk=tyah&trkInfo=clickedVertical%3Acompany%2Cidx%3A2-1-4%2CtarId%3A1428358424246%2Ctas%3AOHIOHEALTH,, 
87,OhioHealth,TW,1,,https://twitter.com/OhioHealthJobs,2014, 
87,OhioHealth,FB,0,1,https://www.facebook.com/OhioHealth?fref=ts,, 
88,Morningstar,TW,1,,https://twitter.com/MorningstarJobs,2012, 
88,Morningstar,FB,1,,https://www.facebook.com/MorningstarDevelopmentProgram/,, 
88,Morningstar,LI,1,,https://www.linkedin.com/company/5161?trk=tyah&trkInfo=clickedVertical%3Acompany%2Cidx%3A2-1-4%2CtarId%3A1428358586776%2Ctas%3AMORNINGSTAR+,, 
89,Cisco,LI,1,,https://www.linkedin.com/company/1063?trk=tyah&trkInfo=clickedVertical%3Acompany%2Cidx%3A2-1-4%2CtarId%3A1428358603497%2Ctas%3ACISCO+&trk=tyah&trkInfo=clickedVertical%3Acompany%2Cidx%3A2-1-4%2CtarId%3A1428358603497%2Ctas%3ACISCO+,, 
89,Cisco,TW,1,,https://twitter.com/ciscojob,2009, 
89,Cisco,FB,0,1,https://www.facebook.com/WeAreCisco/,, 
90,CarMax,FB,0,,https://www.facebook.com/CarMax?fref=ts,, 
90,CarMax,TW,0,,https://twitter.com/CarMax,2007, 
90,CarMax,LI,0,,https://www.linkedin.com/company/162901?trk=tyah&trkInfo=clickedVertical%3Acompany%2Cidx%3A2-1-4%2CtarId%3A1428358714942%2Ctas%3ACARMAX,, 
91,Accenture,LI,1,,https://www.linkedin.com/company/1033?trk=tyah&trkInfo=clickedVertical%3Acompany%2Cidx%3A2-1-4%2CtarId%3A1428358730733%2Ctas%3AACCENTURE+,, 
91,Accenture,TW,1,,https://twitter.com/Accenture_Jobs,2016,no longer there 
91,Accenture,FB,1,,https://www.facebook.com/AccentureCareersUS?fref=ts,, 
92,GoDaddy.com,FB,0,1,https://www.facebook.com/GoDaddy?fref=ts,, 
92,GoDaddy.com,TW,1,,https://twitter.com/godaddylife,2009, 
92,GoDaddy.com,LI,1,,https://www.linkedin.com/company/7846?trk=tyah&trkInfo=clickedVertical%3Acompany%2Cidx%3A2-1-4%2CtarId%3A1428358956697%2Ctas%3AGODADDY,, 
93,KPMG,LI,1,,https://www.linkedin.com/company/2525300?trk=tyah&trkInfo=clickedVertical%3Acompany%2Cidx%3A2-1-4%2CtarId%3A1428358979246%2Ctas%3AKPMG+&trk=tyah&trkInfo=clickedVertical%3Acompany%2Cidx%3A2-1-4%2CtarId%3A1428358979246%2Ctas%3AKPMG+,, 
93,KPMG,TW,1,,https://twitter.com/KPMGUSCareers,2009, 
93,KPMG,FB,1,,https://www.facebook.com/kpmguscareers?fref=ts,, 
94,Navy Federal Credit Union,FB,0,,https://www.facebook.com/NavyFederal?fref=ts,, 
94,Navy Federal Credit Union,LI,1,,https://www.linkedin.com/company/11568?trk=tyah&trkInfo=clickedVertical%3Acompany%2Cidx%3A2-1-4%2CtarId%3A1428448888685%2Ctas%3ANAVY+FEDERAL+,, 
94,Navy Federal Credit Union,TW,0,,https://twitter.com/NavyFederal,2010, 
95,Meridian Health,LI,0,,https://www.linkedin.com/company/26057?trk=tyah&trkInfo=clickedVertical%3Acompany%2Cidx%3A2-1-4%2CtarId%3A1428448911176%2Ctas%3AMERIDIAN+HEALTH+,, 
95,Meridian Health,TW,1,,https://twitter.com/meridiantalent,2013, 
95,Meridian Health,FB,0,1,https://www.facebook.com/MeridianHealthNJ,, 
96,Schweitzer Engineering Labs,FB,0,,https://www.facebook.com/pages/Schweitzer-Engineering-Laboratories-Inc/148960375131063?fref=ts,, 
96,Schweitzer Engineering Labs,LI,0,,https://www.linkedin.com/company/15544?trk=tyah&trkInfo=clickedVertical%3Acompany%2Cidx%3A2-1-4%2CtarId%3A1428449043684%2Ctas%3ASCHWEITZER+ENG,, 
97,Capital One,TW,1,,https://twitter.com/capitalonejobs,2011, 
97,Capital One,LI,1,,https://www.linkedin.com/company/1419?trk=tyah&trkInfo=clickedVertical%3Acompany%2Cidx%3A2-1-4%2CtarId%3A1428449117745%2Ctas%3ACAPITAL+ONE+,, 
97,Capital One,FB,1,,https://www.facebook.com/capitalonecampuscareers/,, 
98,Darden Restaurants,TW,0,,https://twitter.com/darden,2011, 
99,Intercontinental Hotels Group,LI,1,,https://www.linkedin.com/company/3549?trk=tyah&trkInfo=clickedVertical%3Acompany%2Cidx%3A2-1-4%2CtarId%3A1428449438357%2Ctas%3AINTERCONTIN,, 
99,Intercontinental Hotels Group,TW,1,,https://twitter.com/JoinIHG,2011, 
99,Intercontinental Hotels Group,FB,1,,https://www.facebook.com/ihgcareers,, 
100,Stew Leonard's,FB,0,,https://www.facebook.com/stewleonards?fref=ts,, 
100,Stew Leonard's,TW,0,,https://twitter.com/StewLeonards,2009, 
100,Stew Leonard's,LI,0,,https://www.linkedin.com/company/47807?trk=tyah&trkInfo=clickedVertical%3Acompany%2Cidx%3A1-1-1%2CtarId%3A1428449833360%2Ctas%3ASTEW+LEONARD%27S,, 
101,Shared Technologies- ARI,FB,0,,https://www.facebook.com/s3arrow?fref=ts&ref=br_tf,acquired in 2010 by arrow.  Not sure we can use this data point, 
101,Shared Technologies- ARI,LI,0,,https://www.linkedin.com/company/2863686?trk=tyah&trkInfo=clickedVertical%3Acompany%2Cidx%3A1-1-1%2CtarId%3A1428945935612%2Ctas%3AARROW+SYSTEMS+INTEGRATION,, 
102,Johnson Financial Group,TW,1,,https://twitter.com/jfgcareers,2014, 
102,Johnson Financial Group,LI,0,,https://www.linkedin.com/company/johnson-bank,, 
103,Four Seasons Hotels,FB,1,,https://www.facebook.com/FourSeasonsJobs/,, 
103,Four Seasons Hotels,TW,1,,https://twitter.com/fourseasonsjobs?lang=en,2009, 
103,Four Seasons Hotels,LI,1,,https://www.linkedin.com/company/163883?trk=tyah&trkInfo=clickedVertical%3Acompany%2Cidx%3A2-1-4%2CtarId%3A1428946078396%2Ctas%3AFOUR+SEASONS+HOTEL,, 
104,S.C. Johnson & Son,FB,0,,https://www.facebook.com/pages/S-C-Johnson-Son/108206642534121?fref=ts,, 
104,S.C. Johnson & Son,TW,0,,https://twitter.com/scjohnson,2011, 
105,Arkansas Children's Hospital,LI,0,,https://www.linkedin.com/company/24494?trk=tyah&trkInfo=clickedVertical%3Acompany%2Cidx%3A3-3-9%2CtarId%3A1428946173975%2Ctas%3Aarkansas,, 
105,Arkansas Children's Hospital,TW,0,,https://twitter.com/archildrens,2008, 
105,Arkansas Children's Hospital,FB,0,1,https://www.facebook.com/ArkansasChildrensHospital?fref=ts,, 
106,Gilbane,FB,0,,https://www.facebook.com/pages/Gilbane-Building-Company/258541740902855?fref=ts,, 
106,Gilbane,TW,1,,https://twitter.com/gilbanecareers,2013, 
106,Gilbane,LI,0,,https://www.linkedin.com/company/10590?trk=tyah&trkInfo=clickedVertical%3Acompany%2Cidx%3A2-1-4%2CtarId%3A1428946276134%2Ctas%3AGILBANE+,, 
107,Brocade Communications Systems,LI,1,,https://www.linkedin.com/company/2543?trk=tyah&trkInfo=clickedVertical%3Acompany%2Cidx%3A2-1-4%2CtarId%3A1428946291287%2Ctas%3ABROCADE+,, 
107,Brocade Communications Systems,TW,0,,https://twitter.com/brocade,2009, 
107,Brocade Communications Systems,FB,0,1,https://www.facebook.com/brocade?fref=ts,, 
108,CH2M Hill,FB,1,,https://www.facebook.com/ch2mcareers,, 
108,CH2M Hill,TW,1,,https://twitter.com/CH2Mcareers,2009, 
108,CH2M Hill,LI,1,,https://www.linkedin.com/company/3739?trk=tyah&trkInfo=clickedVertical%3Acompany%2Cidx%3A2-1-4%2CtarId%3A1428946378053%2Ctas%3ACH2M+HILL,, 
109,J. M. Smucker,LI,1,,https://www.linkedin.com/company/11007?trk=tyah&trkInfo=clickedVertical%3Acompany%2Cidx%3A3-1-3%2CtarId%3A1428946403934%2Ctas%3AJ.M.+SMUCKER,, 
109,J. M. Smucker,FB,0,,https://www.facebook.com/smuckers?fref=ts&rf=110720075616519,, 
109,J. M. Smucker,TW,0,,https://twitter.com/smuckers,2011, 
110,Aéropostale,FB,1,,https://www.facebook.com/148781758530620,, 
110,Aéropostale,TW,1,,https://twitter.com/aerocareers1987,2013, 
110,Aéropostale,LI,0,,https://www.linkedin.com/company/14191?trk=tyah&trkInfo=clickedVertical%3Acompany%2Cidx%3A2-1-4%2CtarId%3A1428946509462%2Ctas%3AAEROPOSTALE+,, 
111,MITRE,LI,1,,https://www.linkedin.com/company/3848,, 
111,MITRE,TW,1,,https://twitter.com/mitrecareers,2014, 
111,MITRE,FB,0,,https://www.facebook.com/MITREcorp,, 
112,Grainger,FB,1,,https://www.facebook.com/graingercareers?fref=ts,, 
112,Grainger,TW,1,,https://twitter.com/GraingerCareers,2011, 
112,Grainger,LI,1,,https://www.linkedin.com/company/3863?trk=tyah&trkInfo=clickedVertical%3Acompany%2Cidx%3A2-1-4%2CtarId%3A1428946666295%2Ctas%3AGRAINGER+,, 
113,Colgate-Palmolive,FB,1,,https://www.facebook.com/ColgatePalmoliveJobs/?fref=photo,, 
113,Colgate-Palmolive,TW,0,,https://twitter.com/Colgate,2009, 
113,Colgate-Palmolive,LI,1,,https://www.linkedin.com/company/2748?trk=tyah&trkInfo=clickedVertical%3Acompany%2Cidx%3A2-1-4%2CtarId%3A1428946742747%2Ctas%3ACOLGATE-PALMOLIVE+,, 
114,Winchester Hospital,LI,0,,https://www.linkedin.com/company/20851?trk=tyah&trkInfo=clickedVertical%3Acompany%2Cidx%3A2-1-4%2CtarId%3A1428946789855%2Ctas%3AWINCHESTER+HOSPITAL+,, 
114,Winchester Hospital,TW,0,,https://twitter.com/WinchesterHosp,2015, 
114,Winchester Hospital,FB,0,,https://www.facebook.com/WinchesterHospital?fref=ts,, 
115,Monsanto,FB,1,,https://www.facebook.com/MonsantoJobs/,, 
115,Monsanto,TW,1,,https://twitter.com/monsantojobs,2010, 
115,Monsanto,LI,1,,https://www.linkedin.com/company/3422?trk=tyah&trkInfo=clickedVertical%3Acompany%2Cidx%3A2-1-4%2CtarId%3A1428946901664%2Ctas%3AMONSANTO+,, 
116,FedEx,LI,1,,https://www.linkedin.com/company/1669?trk=tyah&trkInfo=clickedVertical%3Acompany%2Cidx%3A2-1-4%2CtarId%3A1428946915569%2Ctas%3AFEDEX+,, 
116,FedEx,TW,1,,https://twitter.com/FedExOfficeJobs,2014, 
116,FedEx,FB,0,,https://www.facebook.com/FedEx?fref=ts,, 
116,FedEx,FB,0,1,https://www.facebook.com/FedExOffice,, 
117,Orrick Herrington & Sutcliffe,LI,0,,https://www.linkedin.com/company/5833?trk=tyah&trkInfo=clickedVertical%3Acompany%2Cidx%3A2-1-2%2CtarId%3A1428947064693%2Ctas%3AORRICK+HERRINGTON+,, 
117,Orrick Herrington & Sutcliffe,TW,1,,https://twitter.com/orrickcareers,2013, 
118,LifeBridge Health,FB,0,,https://www.facebook.com/LifeBridgeHealth?fref=ts,, 
118,LifeBridge Health,TW,1,,https://twitter.com/LBHealthJobs,2013, 
118,LifeBridge Health,LI,1,,https://www.linkedin.com/company/28779?trk=tyah&trkInfo=clickedVertical%3Acompany%2Cidx%3A2-1-4%2CtarId%3A1428947275377%2Ctas%3ALIFEBRIDGE+HEALTH+,, 
119,Herman Miller,LI,1,,https://www.linkedin.com/company/164178?trk=tyah&trkInfo=clickedVertical%3Acompany%2Cidx%3A2-1-4%2CtarId%3A1428947292637%2Ctas%3AHERMAN+MILLER,, 
119,Herman Miller,TW,0,,https://twitter.com/hermanmiller,2008, 
119,Herman Miller,FB,0,1,https://www.facebook.com/HermanMiller?fref=ts,, 
120,Texas Instruments,FB,0,,https://www.facebook.com/texasinstruments?fref=ts,, 
120,Texas Instruments,TW,0,,https://twitter.com/TXInstruments,2008, 
120,Texas Instruments,LI,1,,https://www.linkedin.com/company/1397?trk=tyah&trkInfo=clickedVertical%3Acompany%2Cidx%3A2-1-4%2CtarId%3A1428947810671%2Ctas%3ATEXAS+INSTRUMENTS+,, 
121,Vanderbilt University,LI,0,,https://www.linkedin.com/company/4564?trk=tyah&trkInfo=clickedVertical%3Acompany%2Cidx%3A4-1-9%2CtarId%3A1428947856236%2Ctas%3AVANDERBILT+,, 
121,Vanderbilt University,TW,0,,https://twitter.com/vanderbiltu?lang=en,2008, 
121,Vanderbilt University,TW,1,,https://twitter.com/vumccareers,2015,not sure this should count. Just part of the Univ. 
121,Vanderbilt University,FB,0,,https://www.facebook.com/vanderbilt/,, 
122,Sherwin-Williams,FB,1,,https://www.facebook.com/SherwinWilliamsManagementandSalesTrainingProgram/,, 
122,Sherwin-Williams,TW,0,,https://twitter.com/SherwinWilliams,2010, 
122,Sherwin-Williams,LI,0,,https://www.linkedin.com/company/165944?trk=tyah&trkInfo=clickedVertical%3Acompany%2Cidx%3A2-1-4%2CtarId%3A1428947979921%2Ctas%3ASHERWIN-WILLIAMS,, 
123,SRA International,LI,1,,https://www.linkedin.com/company/3916?trk=tyah&trkInfo=clickedVertical%3Acompany%2Cidx%3A3-1-3%2CtarId%3A1428948001730%2Ctas%3ASRA+INTERNATIONAL+,, 
123,SRA International,TW,1,,https://twitter.com/sracareers,2009, 
123,SRA International,FB,0,,https://www.facebook.com/SRAIntl/,, 
124,David Weekley Homes,LI,0,,https://www.linkedin.com/company/17033,, 
124,David Weekley Homes,TW,0,,https://twitter.com/DavidWeekley,2009, 
124,David Weekley Homes,FB,0,0,https://www.facebook.com/DavidWeekleyHomes,, 
125,Hilcorp,LI,0,,https://www.linkedin.com/company/23482,, 
126,"ARI, Automotive Resources International",LI,0,,https://www.linkedin.com/company/15865,, 
126,"ARI, Automotive Resources International",FB,0,0,https://www.facebook.com/ARIFleet,, 
127,WellStar Health System,LI,1,,https://www.linkedin.com/company/wellstar-health-system,, 
127,WellStar Health System,TW,1,,https://twitter.com/wellstarcareers,2013, 
127,WellStar Health System,FB,0,0,https://www.facebook.com/wellstarhealthsystem,, 
128,TEKsystems,LI,1,,https://www.linkedin.com/company/teksystems,, 
128,TEKsystems,TW,1,,https://twitter.com/TEKcareers,2015, 
128,,FB,0,0,https://www.facebook.com/teksystems,,sort of has a tab 
129,Credit Acceptance,LI,1,,https://www.linkedin.com/company/credit-acceptance,, 
129,Credit Acceptance,FB,0,0,https://www.facebook.com/168678439842388,, 
130,Roche Diagnostics,LI,1,,https://www.linkedin.com/company/roche,, 
130,Roche Diagnostics,TW,0,,https://twitter.com/RocheDiaUSA,2012, 
130,Roche Diagnostics,FB,1,0,https://www.facebook.com/RocheCareers?nr,, 
131,Kimley-Horn and Associates,LI,1,,https://www.linkedin.com/company/kimley-horn-and-associates-inc-,, 
131,Kimley-Horn and Associates,TW,1,,https://twitter.com/kh_recruiting,2014, 
131,Kimley-Horn and Associates,FB,0,0,https://www.facebook.com/KimleyHorn,, 
132,Mars,LI,1,,https://www.linkedin.com/company/1544,, 
132,Mars,TW,0,,https://twitter.com/MarsGlobal,2011, 
132,Mars,FB,0,0,https://www.facebook.com/Mars?fref=ts,, 
133,Discovery Communications,LI,0,,https://www.linkedin.com/company/2928,, 
133,Discovery Communications,TW,1,,https://twitter.com/joindiscovery,2010, 
133,Discovery Communications,FB,0,0,https://www.facebook.com/DiscoveryComm?fref=ts,, 
134,Arnold & Porter,LI,0,,https://www.linkedin.com/company/162519,, 
134,Arnold & Porter,TW,0,,https://twitter.com/arnoldporter,2013, 
134,Arnold & Porter,FB,0,0,https://www.facebook.com/117157202106,, 
135,Sheetz,LI,1,,https://www.linkedin.com/company/sheetz,, 
135,Sheetz,TW,1,,https://twitter.com/sheetzjobz,2012, 
135,Sheetz,FB,0,1,https://www.facebook.com/sheetz?fref=ts,, 
136,The Cheesecake Factory,LI,1,,https://www.linkedin.com/company/the-cheesecake-factory,, 
136,The Cheesecake Factory,TW,1,,https://twitter.com/CakeJobs,2014, 
136,The Cheesecake Factory,TW,1,,https://twitter.com/cakecareers,2009, 
136,The Cheesecake Factory,FB,1,0,https://www.facebook.com/cheesecakefactorycareers?fref=ts,, 
137,Hyland Software,LI,1,,https://www.linkedin.com/company/hyland-software,, 
137,Hyland Software,TW,1,,https://twitter.com/hylandcareers,2011, 
137,Hyland Software,FB,0,1,https://www.facebook.com/OnBase,, 
138,Hyatt Hotels,LI,0,,https://www.linkedin.com/company/3663581,, 
138,Hyatt Hotels,TW,1,,https://twitter.com/hyattcareers,2008, 
138,Hyatt Hotels,FB,1,0,https://www.facebook.com/hyattcareers?fref=ts,, 
139,Kiewit Corporation,LI,1,,https://www.linkedin.com/company/kiewit,, 
139,Kiewit Corporation,TW,0,,https://twitter.com/kiewit,2011, 
139,Kiewit Corporation,FB,0,1,https://www.facebook.com/kiewit,, 
140,Cooley,LI,0,,https://www.linkedin.com/company/6027,, 
140,Cooley,TW,1,,https://twitter.com/cooleycareers,2012, 
140,Cooley,FB,0,0,https://www.facebook.com/CooleyLLP?fref=ts,, 
141,Rothstein Kass,LI,0,,https://www.linkedin.com/company/15176,, 
142,Acuity ,TW,0,,https://twitter.com/acuityinsurance,2009, 
142,Acuity ,FB,0,0,https://www.facebook.com/AcuityInsuranceCompany,, 
142,Acuity ,LI,0,,https://www.linkedin.com/company/acuity-a-mutual-insurance-company,, 
143,Riot Games,TW,1,,https://twitter.com/riotcareers,2011, 
143,Riot Games,LI,1,,http://us.linkedin.com/company/riot-games,, 
143,Riot Games,FB,0,0,https://www.facebook.com/RiotGames,, 
144,Twitter,TW,1,,https://twitter.com/JoinTheFlock,2010, 
144,Twitter,TW,1,,https://twitter.com/TwitterU,2010, 
144,Twitter,FB,0,0,https://www.facebook.com/twitterinc,, 
144,Twitter,LI,1,,https://www.linkedin.com/company/96622,, 
145,Workday,TW,0,,https://twitter.com/workday,2009, 
145,Workday,FB,0,0,https://www.facebook.com/workday,, 
145,Workday,LI,1,,https://www.linkedin.com/company/workday,, 
146,O.C. Tanner,LI,0,,https://www.linkedin.com/company/o-c--tanner,, 
146,O.C. Tanner,TW,0,,https://twitter.com/octanner,2008,
146,O.C. Tanner,FB,0,0,https://www.facebook.com/octannercompany,,
147,L.L.Bean,FB,0,1,https://www.facebook.com/llbean,, 
147,L.L.Bean,TW,1,,https://twitter.com/llbeanjobs,2014,
147,L.L.Bean,LI,0,,https://www.linkedin.com/company/l.l.bean,,
149,CustomInk,LI,1,,https://www.linkedin.com/company/customink,, 
149,CustomInk,TW,0,,https://twitter.com/customink,2008,
149,CustomInk,FB,0,1,https://www.facebook.com/customink,,
150,Vmware,TW,1,,https://twitter.com/vmwarecareers?lang=en,2010, 
150,Vmware,TW,1,,https://twitter.com/vmwarejobs?lang=en,2013,they have two.  Both say they are official
150,Vmware,FB,1,,https://www.facebook.com/vmwarecareers,,
150,Vmware,LI,1,,https://www.linkedin.com/company/vmware,,
151,Texas Health Resources,FB,0,0,https://www.facebook.com/texashealth,, 
151,Texas Health Resources,TW,1,,https://twitter.com/txhealthcareers,2011,
151,Texas Health Resources,LI,1,,https://www.linkedin.com/company/texas-health-resources,,
152,Cadence ,LI,1,,https://www.linkedin.com/company/cadence-design-systems,, 
152,Cadence ,TW,0,,https://twitter.com/cadence?lang=en,2009,
152,Cadence ,FB,0,1,https://www.facebook.com/CadenceDesign,,
153,Hilti,TW,0,,https://twitter.com/hiltinamerica,2011, 
154,Hilti,LI,1,,https://www.linkedin.com/company/hilti,,
155,Hilti,FB,0,0,https://www.facebook.com/HiltiNorthAmerica,,
154,Ryan,FB,0,0,https://www.facebook.com/RyanTax,, 
154,Ryan,LI,1,,https://www.linkedin.com/company/ryan,,
154,Ryan,TW,1,,https://twitter.com/ryancareers,2012,
155,Arthrex,FB,0,1,https://www.facebook.com/Arthrex,, 
156,Arthrex,TW,0,,https://twitter.com/arthrex,2011,
157,Arthrex,LI,1,,https://www.linkedin.com/company/arthrex,,
156,Nationwide Mutual Insurance,LI,1,,https://www.linkedin.com/company/nationwide-insurance,, 
156,Nationwide Mutual Insurance,TW,1,,https://twitter.com/nationwide_jobs,2010,
156,Nationwide Mutual Insurance,FB,1,,https://www.facebook.com/careersatnationwide,,
157,Activision Blizzard,LI,1,,https://www.linkedin.com/company/activision,, 
157,Activision Blizzard,TW,1,,https://twitter.com/blizzardcareers,2010,
157,Activision Blizzard,FB,1,,https://www.facebook.com/activisioncareers,,
158,Regeneron Pharmaceuticals,LI,1,,https://www.linkedin.com/company/regeneron-pharmaceuticals,,
158,Regeneron Pharmaceuticals,TW,0,,https://twitter.com/regeneron?lang=en,2009, 
159,Protiviti,TW,1,,https://twitter.com/protiviticareer,2009, 
159,Protiviti,FB,0,0,https://www.facebook.com/Protiviti/,,
159,Protiviti,LI,1,,https://www.linkedin.com/company/protiviti,,
160,Alcon Laboratories,LI,1,,https://www.linkedin.com/company/alcon,, 
160,Alcon Laboratories,FB,1,,https://www.facebook.com/AlconCareers,,
162,King's Daughter Medical Center,TW,0,,https://twitter.com/kdmedctr,2009, 
162,King's Daughter Medical Center,FB,0,1,https://www.facebook.com/kdmedctr,,
162,King's Daughter Medical Center,LI,0,,https://www.linkedin.com/company/king's-daughters-medical-center,,
163,Paychex,FB,1,,https://www.facebook.com/PaychexCareers,, 
163,Paychex,TW,1,,https://twitter.com/paychexcareers,2009,
163,Paychex,LI,1,,https://www.linkedin.com/company/paychex,,
164,Indiana Regional Medical Center,LI,0,,https://www.linkedin.com/company/indiana-regional-medical-center,, 
164,Indiana Regional Medical Center,TW,0,,https://twitter.com/IndianaRegional,2010,
164,Indiana Regional Medical Center,FB,0,0,https://www.facebook.com/304507732896,,
165,McCormick and Company,LI,1,,https://www.linkedin.com/company/mccormick,, 
165,McCormick and Company,FB,0,0,https://www.facebook.com/McCormickSpice,,
165,McCormick and Company,TW,1,,https://twitter.com/mccormickspices,2012,
166,Principal Financial Group,TW,0,,https://twitter.com/principal,2010, 
166,Principal Financial Group,FB,0,0,https://www.facebook.com/PrincipalFinancial,,
166,Principal Financial Group,LI,0,,https://www.linkedin.com/company/principal-financial-group,,
167,Erickson Retirement Communities,LI,1,,https://www.linkedin.com/company/erickson-living,, 
167,Erickson Retirement Communities,TW,0,,https://twitter.com/ericksonliving,2009,
167,Erickson Retirement Communities,FB,0,1,https://www.facebook.com/ericksonliving,,
168,Griffin Hospital,FB,0,0,https://www.facebook.com/griffin.hospital,, 
168,Griffin Hospital,LI,0,,https://www.linkedin.com/company/griffin-hospital,,
168,Griffin Hospital,TW,0,,https://twitter.com/griffinhospital,2011,
169,Milliken,TW,0,,https://twitter.com/millikenandco,2012, 
169,Milliken,LI,1,,https://www.linkedin.com/company/milliken-&-company,,
169,Milliken,FB,0,0,https://www.facebook.com/millikenandcompany,,
171,Lehigh Valley Hospital & Health network,TW,0,,https://twitter.com/lvhn,2009, 
171,Lehigh Valley Hospital & Health network,FB,0,0,https://www.facebook.com/lvhealthnetwork,,
171,Lehigh Valley Hospital & Health network,LI,0,,https://www.linkedin.com/company/lehigh-valley-hospital,,
172,Northwest Community Hospital,LI,0,,https://www.linkedin.com/company/northwest-community-healthcare,, 
172,Northwest Community Hospital,TW,0,,https://twitter.com/nchonline/,2009,
172,Northwest Community Hospital,FB,0,1,https://www.facebook.com/NCHonline,,
173,eBay,TW,1,,https://twitter.com/eBayIncCareers,2009, 
173,eBay,FB,1,,https://www.facebook.com/ebaycareers,,
173,eBay,LI,1,,https://www.linkedin.com/company/ebay,,
174,Juniper Networks,LI,1,,https://www.linkedin.com/company/juniper-networks,, 
174,Juniper Networks,FB,1,,https://www.facebook.com/JuniperUTP,,
174,Juniper Networks,TW,1,,https://twitter.com/junipercareers,2012,
175,Valero Energy,FB,0,1,https://www.facebook.com/valeroenergy,, 
175,Valero Energy,LI,1,,https://www.linkedin.com/company/valero-energy-corporation,, 
175,Valero Energy,TW,0,,https://twitter.com/valeroenergy_?lang=en,, 
176,T-Mobile,TW,1,,https://twitter.com/tmobilecareers,2009, 
176,T-Mobile,FB,1,,https://www.facebook.com/tmobilecareers,,
176,T-Mobile,LI,1,,https://www.linkedin.com/company/t-mobile/,,
177,American Century Investments,LI,0,,https://www.linkedin.com/company/american-century-investments,, 
177,American Century Investments,TW,0,,https://twitter.com/americancentury,2009,
177,American Century Investments,FB,0,0,https://www.facebook.com/americancentury,,
178,Station Casinos,LI,0,,https://www.linkedin.com/company/station-casinos,, 
178,Station Casinos,TW,0,,https://twitter.com/stationcasinos,2008,
179,Vision Service Plan,TW,1,,https://twitter.com/VSPCareers/,2015, 
179,Vision Service Plan,FB,1,,https://www.facebook.com/vspglobalcareers,,
179,Vision Service Plan,LI,1,,https://www.linkedin.com/company/vsp-global,,
180,Russell Investments,FB,0,0,https://www.facebook.com/RussellInvestments,, 
180,Russell Investments,TW,0,,https://twitter.com/russell_invest,2009,
180,Russell Investments,LI,1,,https://www.linkedin.com/company/russell-investments,,
181,Nixon Peabody,LI,0,,https://www.linkedin.com/company/nixon-peabody,, 
181,Nixon Peabody,TW,0,,https://twitter.com/nixonpeabodyllp,2009, 
182,David Evans & Associates,FB,0,0,https://www.facebook.com/153018394822270,, 
182,David Evans & Associates,TW,0,,https://twitter.com/dea_inc,2008,
182,David Evans & Associates,LI,0,,https://www.linkedin.com/company/david-evans-and-associates-inc.,,
183,Granite Constructions,LI,1,,https://www.linkedin.com/company/granite-construction,, 
183,Granite Constructions,FB,0,1,https://www.facebook.com/graniteconstruction/,,
183,Granite Constructions,TW,0,,https://twitter.com/granite,2014,
184,Healthways,TW,0,,https://twitter.com/healthways,2009, 
184,Healthways,FB,0,0,https://www.facebook.com/healthways,,
184,Healthways,LI,1,,https://www.linkedin.com/company/healthways,,
185,Nike,LI,1,,https://www.linkedin.com/company/nike,, 
185,Nike,TW,1,,https://twitter.com/nikecareers,2013,
185,Nike,FB,0,0,https://www.facebook.com/nike,,
186,AstraZeneca,FB,1,,https://www.facebook.com/astrazenecacareers,,
186,AstraZeneca,TW,1,,https://twitter.com/AstraZenecaJobs,2009,
186,AstraZeneca,LI,1,,https://www.linkedin.com/company/astrazeneca,,
187,Yahoo,LI,1,,https://www.linkedin.com/company/yahoo,,
187,Yahoo,TW,1,,https://twitter.com/yahoocareers?lang=en,2009,
187,Yahoo,FB,1,,https://www.facebook.com/yahoo,,
