twitterUserId,companyString,createdAt,defaultProfile,defaultProfileImage,description,favouritesCount,followersCount,geoEnabled,geoSpecial,givenUrl,id,idString,isTranslator,job,lang,liTab,location,name,profileBanner,profileImage,protectedProfile,screenName,statusCount,timezone,url,utcOffset,withheldInCountries,withheldScope
1,Google,"2009-02-10 12:14:39",0,0,"News and updates from Google",486,14688239,1,,https://twitter.com/google,20536157,NULL,0,0,en,0,"Mountain View, CA",Google,https://pbs.twimg.com/profile_banners/20536157/1457543966/web,http://pbs.twimg.com/profile_images/638751551457103872/KN-NzuRl_normal.png,0,google,9751,"Pacific Time (US & Canada)",http://t.co/twxHxOtTvy,-25200,null,NULL
2,"Boston Consulting Group","2012-02-24 06:59:03",0,0,"The Boston Consulting Group (BCG) is a global management #consulting firm. We are shaping the future. Together. Visit @BCGPerspectives for our latest research.",1393,113045,1,,https://twitter.com/BCG,501801749,NULL,0,0,en,0,Global,BostonConsultingGrp,https://pbs.twimg.com/profile_banners/501801749/1457534590/web,http://pbs.twimg.com/profile_images/689562574820507649/tDu62fzJ_normal.jpg,0,BCG,7328,"Eastern Time (US & Canada)",http://t.co/0UAOBFbrzR,-14400,null,NULL
3,SAS,"2007-03-17 16:41:07",0,0,"The largest airline company in Scandinavia, flying to and from Europe, with flights to North America and Asia. Customer service: flysas.com or facebook.com/SAS",1131,85262,1,,https://twitter.com/SAS,1379801,NULL,0,0,en,0,Sweden/Norway/Denmark,SAS,https://pbs.twimg.com/profile_banners/1379801/1413791863/web,http://pbs.twimg.com/profile_images/1212663416/SAS-Logo2_normal.jpg,0,SAS,22189,Stockholm,http://www.flysas.com,7200,null,NULL
4,"Wegmans Food Markets","2009-08-17 14:53:59",0,0,"The official twitter account for Wegmans Food Markets.",276,120736,1,,https://twitter.com/Wegmans,66482863,NULL,0,0,en,0,"Rochester, New York","Wegmans Food Markets",https://pbs.twimg.com/profile_banners/66482863/1453580720/web,http://pbs.twimg.com/profile_images/690185627967578112/tLOu6ojK_normal.jpg,0,Wegmans,56477,"Eastern Time (US & Canada)",http://t.co/u8DHW3eRbz,-14400,null,NULL
5,"Edward Jones","2009-08-25 19:13:29",0,0,"Full-service financial services firm offering investments and services to individual investors. Email media requests to jackie.knolhoff@edwardjones.com.",2,9775,0,,https://twitter.com/EdwardJones,68860774,NULL,0,0,en,0,,"Edward Jones",https://pbs.twimg.com/profile_banners/68860774/1402950198/web,http://pbs.twimg.com/profile_images/647437414034620416/ayIfuNHx_normal.jpg,0,EdwardJones,1437,"Central Time (US & Canada)",https://t.co/SDJdnBnV9N,-18000,null,NULL
6,NetApp,"2009-11-23 16:03:27",0,0,"Transform your career at a Great Place to Work",23,1553,0,,https://twitter.com/NetAppCareers,92139388,NULL,0,0,en,0,"Sunnyvale, CA","NetApp Careers",https://pbs.twimg.com/profile_banners/92139388/1459438737/web,http://pbs.twimg.com/profile_images/715564137565138949/Px05TAeq_normal.jpg,0,NetAppCareers,1177,"Pacific Time (US & Canada)",http://t.co/jWt0hBeqFn,-25200,null,NULL
7,"Recreational Equipment (REI)","2008-10-03 14:44:36",0,0,"A member-owned co-op since 1938. We believe a life outdoors is a life well lived. #OptOutside",10124,334800,0,,https://twitter.com/REI,16583846,NULL,0,0,en,0,"Seattle, WA",REI,https://pbs.twimg.com/profile_banners/16583846/1460047426/web,http://pbs.twimg.com/profile_images/658509997505032192/K2A11nvQ_normal.jpg,0,REI,84633,"Pacific Time (US & Canada)",http://t.co/Z4sBQwWTQT,-25200,null,NULL
8,"CHG Healthcare Services","2009-03-10 10:14:23",0,0,"CHG Healthcare Services provides temporary and permanent placement of health professionals to healthcare organizations in all 50 states.",449,1279,0,,https://twitter.com/CHGHealthcare,23610270,NULL,0,0,en,0,"The United States","CHG Healthcare",https://pbs.twimg.com/profile_banners/23610270/1452810839/web,http://pbs.twimg.com/profile_images/1765016725/CHG_vertical_logo_encased_normal.jpg,0,CHGHealthcare,3798,"Mountain Time (US & Canada)",http://t.co/qh1QX1QxKm,-21600,null,NULL
9,"Quicken Loans","2008-04-08 15:07:45",0,0,"Your money is worth saving! Let Quicken Loans help you today! http://t.co/iInV5iai89 │Quicken Loans #NMLS 3030. | NMLS Access: http://t.co/3LYoAYMkMh",12961,38668,1,,https://twitter.com/QuickenLoans,14336163,NULL,0,0,en,0,"Detroit, MI ","Quicken Loans",https://pbs.twimg.com/profile_banners/14336163/1451592445/web,http://pbs.twimg.com/profile_images/682654267610640384/RVFZ4IL1_normal.jpg,0,QuickenLoans,38689,"Eastern Time (US & Canada)",http://t.co/RiABjWoehu,-14400,null,NULL
10,Zappos.com,"2012-09-17 17:06:49",1,0,"We've moved! Please follow us at @InsideZappos :)",97,445,1,,https://twitter.com/Zappos_Jobs,829968314,NULL,0,0,en,0,"Henderson, NV",Zappos_Jobs,NULL,http://pbs.twimg.com/profile_images/378800000308488735/5438e2509b2d91b59a678e2a5cd300c2_normal.jpeg,0,Zappos_Jobs,272,"Pacific Time (US & Canada)",http://jobs.zappos.com,-25200,null,NULL
11,"Mercedes-Benz USA","2011-06-01 08:10:12",0,0,"Your official source for Mercedes-Benz USA news and updates on job postings, diversity, and life at MBUSA Corporate.",23,2548,1,,https://twitter.com/MBUSA_Careers,309082586,NULL,0,0,en,0,"Montvale, NJ","Mercedes-Benz Jobs",https://pbs.twimg.com/profile_banners/309082586/1376508777/web,http://pbs.twimg.com/profile_images/1477634304/hr_logo_normal.jpg,0,MBUSA_Careers,997,"Eastern Time (US & Canada)",http://t.co/QGZviVSKgi,-14400,null,NULL
12,"DPR Construction","2009-04-30 11:55:58",0,0,"We exist to build great things®. It’s really that simple. We are a company of builders building great projects, great teams, great relationships, great value.",1519,12289,1,,https://twitter.com/DPRConstruction,36725949,NULL,0,0,en,0,,"DPR Construction",https://pbs.twimg.com/profile_banners/36725949/1452275814/web,http://pbs.twimg.com/profile_images/486974723889180672/PnhNOc2e_normal.jpeg,0,DPRConstruction,2668,"Pacific Time (US & Canada)",http://t.co/E1SJxXE4DL,-25200,null,NULL
13,"DreamWorks Animation SKG","2009-03-19 11:20:46",0,0,"Follow for the latest updates on DreamWorks Animation!",2196,1115553,1,,https://twitter.com/DWAnimation,25341996,NULL,0,0,en,0,"Glendale, CA","DreamWorks Animation",https://pbs.twimg.com/profile_banners/25341996/1458953826/web,http://pbs.twimg.com/profile_images/442805891033604096/Cb2DZ3Ei_normal.jpeg,0,DWAnimation,7293,"Pacific Time (US & Canada)",https://t.co/fylMsZf998,-25200,null,NULL
14,"NuStar Energy","2009-07-21 14:28:26",1,0,"NuStar Energy L.P., a publicly traded master limited partnership, is one of the largest independent liquids terminal and pipeline operators in the nation.",48,1079,0,,https://twitter.com/NuStarEnergyLP,58910381,NULL,0,0,en,0,"San Antonio","NuStar Energy",https://pbs.twimg.com/profile_banners/58910381/1401834583/web,http://pbs.twimg.com/profile_images/341898873/NuStar_logo_tweet_normal.jpg,0,NuStarEnergyLP,233,"Central Time (US & Canada)",http://t.co/ngz2y4qh5t,-18000,null,NULL
15,"Kimpton Hotels & Restaurants","2011-06-03 16:54:46",0,0,"Kimpton Careers is all about you! Check out our jobs, or ask us a question. We love to interact and share info on all things careers!",19,600,0,,https://twitter.com/Kimpton_Careers,310540568,NULL,0,0,en,0,,"Kimpton Careers",https://pbs.twimg.com/profile_banners/310540568/1457046150/web,http://pbs.twimg.com/profile_images/1400591639/pic_normal.jpg,0,Kimpton_Careers,555,"Pacific Time (US & Canada)",http://t.co/jGcLbkW3Gu,-25200,null,NULL
16,"JM Family Enterprises","2013-10-23 07:51:27",0,0,"JM Family Enterprises, Inc. is a diversified automotive corporation ranked No. 34 on FORTUNE's 100 Best Companies to Work For list.",0,188,1,,https://twitter.com/JMFamilyCareers,2151027474,NULL,0,0,en,0,,"JM Family",https://pbs.twimg.com/profile_banners/2151027474/1401803016/web,http://pbs.twimg.com/profile_images/473821914310246402/w1970zYb_normal.jpeg,0,JMFamilyCareers,794,NULL,http://t.co/uP1NrBAg6S,-1,null,NULL
17,"Chesapeake Energy","2009-09-03 12:33:11",0,0,"Chesapeake Energy (NYSE:CHK)   Leading a Responsible Energy Future.   #WeAreChesapeake",512,61003,1,,https://twitter.com/Chesapeake,71323944,NULL,0,0,en,0,"Oklahoma City, OK","Chesapeake Energy",https://pbs.twimg.com/profile_banners/71323944/1457559743/web,http://pbs.twimg.com/profile_images/459010984187666432/3Q4cSSmS_normal.jpeg,0,Chesapeake,8393,"Central Time (US & Canada)",http://t.co/LMBFNFyIw9,-18000,null,NULL
18,USAA,"2009-11-11 21:50:43",0,0,"@USAA is actively hiring in banking, insurance, IT, sales, customer service, & more! We're hiring at least #30PercentVets & spouses in '16!",228,2612,1,,https://twitter.com/USAA_jobs,89375474,NULL,0,0,en,0,"San Antonio, TX ","USAA Careers",https://pbs.twimg.com/profile_banners/89375474/1415715649/web,http://pbs.twimg.com/profile_images/378800000435461013/60eb7e7643b84104e5c6a439e8c34699_normal.png,0,USAA_jobs,2044,"Central Time (US & Canada)",http://t.co/u4DLYGHfpF,-18000,null,NULL
19,"Robert W. Baird","2010-09-12 15:56:12",0,0,"Baird is an employee-owned financial services firm on a mission to provide the best financial advice to clients and be the best place to work for associates.",1599,3690,0,,https://twitter.com/rwbaird,190025356,NULL,0,0,en,0,,"Robert W. Baird & Co",https://pbs.twimg.com/profile_banners/190025356/1421935611/web,http://pbs.twimg.com/profile_images/558266902674280450/mTT8mav3_normal.jpeg,0,rwbaird,3004,"Central Time (US & Canada)",http://t.co/ErgTsiz2oz,-18000,null,NULL
20,"Container Store","2009-11-24 08:14:49",0,0,"The Original Storage & Organization Store",4809,36505,1,,https://twitter.com/ContainerStore,92293468,NULL,0,0,en,0,Nationwide,"The Container Store",https://pbs.twimg.com/profile_banners/92293468/1451153567/web,http://pbs.twimg.com/profile_images/680813570385313793/KVU2MNVd_normal.jpg,0,ContainerStore,17104,"Central Time (US & Canada)",http://t.co/lNSalYMMyv,-18000,null,NULL
21,Qualcomm,"2014-02-14 15:40:36",1,0,"Innovate with impact. Posting guidelines at http://t.co/M7QbQwV1rI.",112,254,0,,https://twitter.com/QualcommCareers,2344213357,NULL,0,0,en,0,"San Diego, California","Qualcomm Careers",https://pbs.twimg.com/profile_banners/2344213357/1405981258/web,http://pbs.twimg.com/profile_images/434461657549402112/EfP0Z2W1_normal.png,0,QualcommCareers,513,"Pacific Time (US & Canada)",http://t.co/JUZjw3Z5KR,-25200,null,NULL
22,"Alston & Bird","2009-06-24 07:47:16",0,0,"Alston & Bird is an AmLaw 50 firm.  Our people trust the people they work for, take pride in what they do, and serve the communities in which they live.",218,3805,1,,https://twitter.com/AlstonBirdLLP,50308751,NULL,0,0,en,0,"Ten Locations","Alston & Bird LLP",https://pbs.twimg.com/profile_banners/50308751/1351614893/web,http://pbs.twimg.com/profile_images/3124777440/f868d4d950c386ea5d069d62acae127f_normal.jpeg,0,AlstonBirdLLP,1349,"Eastern Time (US & Canada)",http://t.co/bEE46UulOf,-14400,null,NULL
23,"Ultimate Software","2011-09-19 07:57:43",0,0,"If you’re talented, energetic, and committed to delivering quality HCM software and services, you'll find that Ultimate Software is the perfect place to work.",19,1734,1,,https://twitter.com/UltiCareers,376206322,NULL,0,0,en,0,,"Ultimate Software",https://pbs.twimg.com/profile_banners/376206322/1457021349/web,http://pbs.twimg.com/profile_images/378800000771054176/dca48f1cc8e6a882182ba38b170d51d7_normal.png,0,UltiCareers,1477,"Eastern Time (US & Canada)",http://t.co/I3Tup9NBwh,-14400,null,NULL
24,"Burns & McDonnell","2011-04-27 13:34:05",0,0,"It’s not a job. It’s an opportunity to create amazing solutions. Find your career at @BurnsMcDonnell.",6,1813,1,,https://twitter.com/BurnsMcdCareers,288966461,NULL,0,0,en,0,"Headquarters Kansas City, MO","Burns & McDonnell",https://pbs.twimg.com/profile_banners/288966461/1461765793/web,http://pbs.twimg.com/profile_images/557569910256062465/WivuJKo8_normal.png,0,BurnsMcdCareers,15545,"Central Time (US & Canada)",http://t.co/ryblGvKI,-18000,null,NULL
25,Salesforce.com,"2014-10-07 07:28:05",1,0,"#Salesforce LinkedIn Group run by @Stephen_Cummins. 43K members. 50% growth rate! #SaaS #PaaS #Cloud #CRM #CustomerSuccess #DataScience #IoT #Analytics #CPQ",1917,2172,0,,https://twitter.com/SalesCloud1,2813981915,NULL,0,0,en,0,"in the Cloud and Omnipresent","Salesforce.com Group",https://pbs.twimg.com/profile_banners/2813981915/1413029403/web,http://pbs.twimg.com/profile_images/710289593573240835/7mpS7NfB_normal.jpg,0,SalesCloud1,299,NULL,https://t.co/W7lmy2YOK9,-1,null,NULL
26,"Devon Energy","2009-02-22 20:51:18",0,0,"Devon is a leading North American independent energy company engaged in the exploration and production of oil and natural gas. 
NYSE: DVN",0,8407,0,,https://twitter.com/DevonEnergy,21628891,NULL,0,0,en,0,"Oklahoma City, OK","Devon Energy",https://pbs.twimg.com/profile_banners/21628891/1461794518/web,http://pbs.twimg.com/profile_images/527113309158268930/6gWfkoO6_normal.jpeg,0,DevonEnergy,14,"Central Time (US & Canada)",http://t.co/wWsmh6ropY,-18000,null,NULL
27,"PCL Construction Enterprises","2010-03-30 16:39:59",0,0,"The official corporate account for the PCL family of companies (a group of independent operating companies).",796,11124,0,,https://twitter.com/PCLConstruction,128032570,NULL,0,0,en,0,,PCLConstruction,https://pbs.twimg.com/profile_banners/128032570/1406560261/web,http://pbs.twimg.com/profile_images/3531153146/199799642e12c479f9e0b5d3832aeeee_normal.jpeg,0,PCLConstruction,3536,"Mountain Time (US & Canada)",http://t.co/BuBs75liIS,-21600,null,NULL
28,"Bingham McCutchen","2009-06-26 14:00:37",0,0,"Bingham McCutchen LLP – Legal Insight. Business Instinct. Global Intelligence. Attorney Advertising.",0,1704,0,,https://twitter.com/BinghamLaw,51201934,NULL,0,0,en,0,,Bingham,https://pbs.twimg.com/profile_banners/51201934/1410356101/web,http://pbs.twimg.com/profile_images/507998981058617344/jMibvjQu_normal.jpeg,0,BinghamLaw,770,"Eastern Time (US & Canada)",http://t.co/7aGwjDCeiD,-14400,null,NULL
29,Scottrade,"2008-08-26 17:18:20",0,0,"Your direct connection to market news, updates & education. Customer service hours: Mon-Fri 8 a.m.-8 p.m. CT. For disclosures: https://t.co/Exsd8nch1L",26,72520,0,,https://twitter.com/scottrade,16004376,NULL,0,0,en,0,"St. Louis",Scottrade,https://pbs.twimg.com/profile_banners/16004376/1459347692/web,http://pbs.twimg.com/profile_images/458653187243646976/AuV78rgC_normal.png,0,scottrade,18159,"Central Time (US & Canada)",https://t.co/ddgTpnxzza,-18000,null,NULL
30,"Whole Foods Market","2008-06-15 23:37:58",0,0,"Delicious tweets from Whole Foods Market HQ in Austin, TX.",22025,4824452,1,,https://twitter.com/WholeFoods,15131310,NULL,0,0,en,0,"Austin, TX","Whole Foods Market",https://pbs.twimg.com/profile_banners/15131310/1456962299/web,http://pbs.twimg.com/profile_images/685510850472312832/_PcErcp-_normal.jpg,0,WholeFoods,202111,"Central Time (US & Canada)",https://t.co/QtcSE2liml,-18000,null,NULL
31,"Goldman Sachs","2011-02-16 10:59:09",0,0,"Official Goldman Sachs Twitter account. Follow us for the latest in global and local economic progress, firm news, and thought leadership content.",5,507065,0,,https://twitter.com/GoldmanSachs,253167239,NULL,0,0,en,0,,"Goldman Sachs",https://pbs.twimg.com/profile_banners/253167239/1440625536/web,http://pbs.twimg.com/profile_images/465954359583322112/mvHVOgH8_normal.jpeg,0,GoldmanSachs,5875,"Eastern Time (US & Canada)",http://t.co/IORXQSIgTV,-14400,null,NULL
32,"Nugget Market","2009-09-04 14:43:09",0,0,"For food lovers, by food lovers—an extraordinary grocery experience. Family-owned and serving Northern California since 1926.",506,4370,1,,https://twitter.com/Nugget_Market,71633425,NULL,0,0,en,0,"Northern California","Nugget Markets",https://pbs.twimg.com/profile_banners/71633425/1462209778/web,http://pbs.twimg.com/profile_images/560467634223726593/2q-qpEZW_normal.jpeg,0,Nugget_Market,2679,"Pacific Time (US & Canada)",http://t.co/CZh2irItNh,-25200,null,NULL
33,"Millennium: The Takeda Oncology Company","2011-06-22 06:50:11",0,0,"Follow our Corporate Communications Team on the official Twitter page of Takeda Oncology. Review our guidelines @ https://t.co/B1j6eIAiMO",732,8775,1,,https://twitter.com/TakedaOncology,321974233,NULL,0,0,en,0,"United States","Takeda Oncology",https://pbs.twimg.com/profile_banners/321974233/1401308422/web,http://pbs.twimg.com/profile_images/539895537940434946/R3Ws8B7E_normal.jpeg,0,TakedaOncology,6215,"Eastern Time (US & Canada)",http://t.co/Zdb8lVp8YP,-14400,null,NULL
34,"Plante Moran","2012-07-10 13:08:10",0,0,"Plante Moran CRESA is a fully integrated independent real estate consulting firm affiliated with Plante Moran, PLLC and Cresa.

LEASE.BUY.BUILD.",0,134,0,,https://twitter.com/pmcresa,632233073,NULL,0,0,en,0,"Southfield, MI","Plante Moran Cresa",https://pbs.twimg.com/profile_banners/632233073/1404851481/web,http://pbs.twimg.com/profile_images/486613018671730688/5AKkYzi7_normal.jpeg,0,pmcresa,48,"Eastern Time (US & Canada)",http://t.co/0tyM9W9Dns,-14400,null,NULL
35,"St. Jude Children's Research Hospital","2007-10-23 08:30:39",0,0,"@StJude Children's Research Hospital is leading the way the world understands, treats and defeats childhood cancer.",20128,402042,1,,https://twitter.com/StJude,9624042,NULL,0,0,en,0,"Memphis, TN","St. Jude",https://pbs.twimg.com/profile_banners/9624042/1460404671/web,http://pbs.twimg.com/profile_images/684124633314897921/4J1d2-f1_normal.jpg,0,StJude,7091,"Central Time (US & Canada)",http://t.co/XozKAQUFaf,-18000,null,NULL
36,"SVB Financial Group","2008-11-14 15:04:01",0,0,"Helping innovative companies and their investors move bold ideas forward, fast. Financial services for companies in innovation centers around the world.",7107,19554,1,,https://twitter.com/SVB_Financial,17396865,NULL,0,0,en,0,"US, UK, Israel, China","Silicon Valley Bank",https://pbs.twimg.com/profile_banners/17396865/1436561440/web,http://pbs.twimg.com/profile_images/619608560834510848/H18p6tpG_normal.jpg,0,SVB_Financial,13149,"Pacific Time (US & Canada)",http://t.co/7jtLMwmHSN,-25200,null,NULL
37,Adobe,"2011-01-28 15:42:17",0,0,"Come build a rewarding career with Adobe and see your ideas make an impact. Follow us for career opportunities around the globe. #adobecareers #adobelife",1213,7200,0,,https://twitter.com/AdobeCareers,244264669,NULL,0,0,en,0,,"Adobe Careers",https://pbs.twimg.com/profile_banners/244264669/1439936955/web,http://pbs.twimg.com/profile_images/344513261565997009/5ef06c1bf31bf7f814cbe7fd3de9df91_normal.png,0,AdobeCareers,5151,"Pacific Time (US & Canada)",http://t.co/1BLnJBSHcr,-25200,null,NULL
38,"Novo Nordisk","2010-09-23 02:21:04",1,0,"Setting the agenda to increase our insight and impact on diabetes and other serious chronic conditions. #changingdiabetes. Disclaimer: https://t.co/RWBJTiuw6h",1421,15290,1,,https://twitter.com/novonordisk,194037150,NULL,0,0,en,0,Denmark,"Novo Nordisk",https://pbs.twimg.com/profile_banners/194037150/1461072273/web,http://pbs.twimg.com/profile_images/3120137316/020694bf41be4b2dc77ed09131db0704_normal.jpeg,0,novonordisk,1586,Copenhagen,http://t.co/nozkdriFWr,7200,null,NULL
39,"Balfour Beatty Construction","2011-05-09 10:36:40",0,0,"Balfour Beatty is a world class infrastructure services business.  hello@balfourbeatty.com",163,44844,0,,https://twitter.com/balfourbeatty,295763337,NULL,0,0,en,0,Global,"Balfour Beatty",https://pbs.twimg.com/profile_banners/295763337/1452871995/web,http://pbs.twimg.com/profile_images/687945560523948032/VOgiWEly_normal.png,0,balfourbeatty,1070,London,http://t.co/LKnz4x4RS5,3600,null,NULL
40,"National Instruments","2009-06-04 12:30:15",0,0,"We equip engineers and scientists with systems that accelerate productivity, innovation, and discovery.",4145,15992,0,,https://twitter.com/NIglobal,44682474,NULL,0,0,en,0,"Austin, TX","National Instruments",https://pbs.twimg.com/profile_banners/44682474/1450715146/web,http://pbs.twimg.com/profile_images/678974888149823488/tW1FQS8G_normal.jpg,0,NIglobal,3323,"Central Time (US & Canada)",http://t.co/mcNep7MIeT,-18000,null,NULL
41,Intel,"2007-03-29 01:22:48",0,0,"Intel news, views & events about global tech innovation. Looking for support? Tweet @IntelSupport",1809,4511219,1,,https://twitter.com/intel,2803191,NULL,0,0,en,0,"ÜT: 37.575291,-122.341831",Intel,https://pbs.twimg.com/profile_banners/2803191/1461268633/web,http://pbs.twimg.com/profile_images/580435922514214914/Q6pJp-ZW_normal.png,0,intel,8851,"Pacific Time (US & Canada)",http://t.co/xAiA3fYAk3,-25200,null,NULL
42,"American Fidelity Assurance","2011-06-15 13:31:02",0,0,"American Fidelity Assurance Company has protected families for over 50 years with supplemental life and health insurance. #AFA",423,1019,1,,https://twitter.com/amfidelity,317976536,NULL,0,0,en,0,"Oklahoma City, OK","American Fidelity",https://pbs.twimg.com/profile_banners/317976536/1455287052/web,http://pbs.twimg.com/profile_images/698165108539678722/mAOzl0YH_normal.jpg,0,amfidelity,3818,"Central Time (US & Canada)",http://t.co/eTUDzzKP6Z,-18000,null,NULL
43,PricewaterhouseCoopers,"2009-07-29 09:07:46",0,0,"Follow us to learn more about what it's like to work at PwC. You'll also find us at http://t.co/iRwMKAkkXU
http://t.co/zKoqvamzHn",4299,20256,1,,https://twitter.com/PwC_US_Careers,61215722,NULL,0,0,en,0,USA,"PwC US Careers",https://pbs.twimg.com/profile_banners/61215722/1459777541/web,http://pbs.twimg.com/profile_images/1824980739/PwC_fl_c_normal.png,0,PwC_US_Careers,4199,"Eastern Time (US & Canada)",http://t.co/sHnjbZkQZi,-14400,null,NULL
44,"Allianz Life Insurance","2010-12-03 08:04:30",0,0,"Get the latest job offers of Allianz Group right into your stream. Reach out to the Group HR Team of Allianz SE via: careers@allianz.com.",8,1509,0,,https://twitter.com/AllianzCareers,222480935,NULL,0,0,en,0,"Munich, Germany","Allianz Careers",https://pbs.twimg.com/profile_banners/222480935/1427739242/web,http://pbs.twimg.com/profile_images/668013073681285121/FsgyywXV_normal.png,0,AllianzCareers,11655,NULL,https://t.co/SbTRkXUWsN,-1,null,NULL
45,Autodesk,"2011-01-05 14:23:40",0,0,"Follow Autodesk's talent community, career and job opportunities.   Check out our current openings: http://t.co/YOvHZ4VLTf",83,1139,1,,https://twitter.com/Autodeskers,234518712,NULL,0,0,en,0,"All around the world","Autodesk Careers",https://pbs.twimg.com/profile_banners/234518712/1439998110/web,http://pbs.twimg.com/profile_images/462319503162867712/yo-xXGGq_normal.jpeg,0,Autodeskers,908,"Pacific Time (US & Canada)",http://t.co/xiU4CeTP1r,-25200,null,NULL
46,"Methodist Hospital System","2010-12-20 15:35:08",0,0,"Methodist Hospital provides comprehensive acute care such as medical, surgical, perinatal, oncology, intensive care and cardiovascular.",1,442,1,,https://twitter.com/methodistarc,228872206,NULL,0,0,en,0,"Arcadia, CA","Methodist Hospital",https://pbs.twimg.com/profile_banners/228872206/1399580128/web,http://pbs.twimg.com/profile_images/2328926471/4upsa9bqjyykold1xrbp_normal.png,0,methodistarc,1069,"Pacific Time (US & Canada)",http://t.co/tZ4m00I7E1,-25200,null,NULL
47,"Baker Donelson","2009-07-22 20:46:10",0,0,"Clients know it's not just the legal services we provide, but how we deliver them that matters most; our 650+ attorneys across 30 practices strive to deliver.",186,2696,0,,https://twitter.com/Baker_Donelson,59338183,NULL,0,0,en,0,,"Baker Donelson",https://pbs.twimg.com/profile_banners/59338183/1400095173/web,http://pbs.twimg.com/profile_images/378800000661594651/7b3c45650356aa9b4a690b687e511471_normal.jpeg,0,Baker_Donelson,3708,"Central Time (US & Canada)",http://t.co/g6StD0740E,-18000,null,NULL
48,"Men's Wearhouse","2009-08-24 11:45:57",0,0,"Quality Menswear. World-Class Service. Expert Styling Advice.",8532,44856,1,,https://twitter.com/menswearhouse,68464500,NULL,0,0,en,0,"United States","Men's Wearhouse",https://pbs.twimg.com/profile_banners/68464500/1459887380/web,http://pbs.twimg.com/profile_images/702964697444827137/ZBlsIYM-_normal.jpg,0,menswearhouse,27761,"Pacific Time (US & Canada)",http://t.co/AMTBuaZ9ij,-25200,null,NULL
49,"Scripps Health","2013-01-18 06:04:16",1,0,"Begin your next adventure with Scripps.",41,930,0,,https://twitter.com/EWScrippsJobs,1100931295,NULL,0,0,en,0,"Cincinnati, OH","Scripps Careers",https://pbs.twimg.com/profile_banners/1100931295/1427916529/web,http://pbs.twimg.com/profile_images/583350676652052481/7XlbKlCn_normal.jpg,0,EWScrippsJobs,832,NULL,http://t.co/tXK7eUHE,-1,null,NULL
50,"Marriott International","2008-03-13 11:21:27",0,0,"Welcome to our newsroom. Tweeting all things travel & hospitality from Marriott InternationaI headquarters.",13145,409932,1,,https://twitter.com/MarriottIntl,14140913,NULL,0,0,en,0,Global,"Marriott Internat'l",https://pbs.twimg.com/profile_banners/14140913/1421268259/web,http://pbs.twimg.com/profile_images/2936408233/1fc0afb0e7297b95c2633fdad525381a_normal.jpeg,0,MarriottIntl,23520,"Eastern Time (US & Canada)",http://t.co/qIxkez7wnq,-14400,null,NULL
51,"Perkins Coie","2009-04-17 16:01:04",0,0,"An international law firm offering legal services to individuals and businesses. Tweeting legal updates, firm news, and blog posts. Attorney Advertising.",9,5718,0,,https://twitter.com/PerkinsCoieLLP,32614197,NULL,0,0,en,0,,"Perkins Coie",https://pbs.twimg.com/profile_banners/32614197/1429283810/web,http://pbs.twimg.com/profile_images/511250284530507776/TTGm0-RN_normal.jpeg,0,PerkinsCoieLLP,2164,"Pacific Time (US & Canada)",http://t.co/7fZI6kUW0o,-25200,null,NULL
52,"Ernst & Young","2009-08-29 18:22:54",0,0,"Global leader in assurance, tax, transaction and advisory services. Committed to building a better working world. Join the conversation on #BetterQuestions",676,173102,0,,https://twitter.com/EYnews,70001932,NULL,0,0,en,0,,EY,https://pbs.twimg.com/profile_banners/70001932/1460617541/web,http://pbs.twimg.com/profile_images/591172891120664576/9fB2CYUX_normal.png,0,EYnews,6557,London,http://t.co/H28bAT4sAX,3600,null,NULL
53,"Ernst & Young","2008-08-04 09:00:39",0,0,"We have an ambition to build a better working world. And the question is: Will it begin with you? Wanted: #LegacyBuilders",2274,31256,0,USA,https://twitter.com/EY_CareersUS,15723011,NULL,0,0,en,0,,"EY US Careers",https://pbs.twimg.com/profile_banners/15723011/1433776483/web,http://pbs.twimg.com/profile_images/378800000062202350/60e003d15235c1ba78e76de89aa1ba4d_normal.png,0,EY_CareersUS,2377,"Eastern Time (US & Canada)",http://t.co/uDMEDZ5QwA,-14400,null,NULL
54,"Ernst & Young","2011-05-11 20:36:46",0,0,"For experienced professionals in advisory, assurance, tax and transactions, see how for you can go with a career at EY. Join today. Change tomorrow.",57,8043,1,UK,https://twitter.com/EY_CareersUK,297184143,NULL,0,0,en,0,,"EY Careers UK",https://pbs.twimg.com/profile_banners/297184143/1441361555/web,http://pbs.twimg.com/profile_images/378800000062086396/40b0cbb6226df030b96a44844fc9414b_normal.png,0,EY_CareersUK,4927,London,http://t.co/gNgmFZWugx,3600,null,NULL
55,"Ernst & Young","2011-09-05 08:58:09",0,0,"Welcome to the EY Belgium Careers Twitter account! Join the conversation about recruitment, employer branding and social media.",164,1127,1,Belgium,https://twitter.com/EY_CareersBE,368378534,NULL,0,0,en,0,,EY_CareersBE,https://pbs.twimg.com/profile_banners/368378534/1461655833/web,http://pbs.twimg.com/profile_images/506356131157921792/ggh64zXe_normal.png,0,EY_CareersBE,2498,Brussels,http://t.co/y61jYwWX9L,7200,null,NULL
56,"American Express","2009-05-26 14:32:45",0,0,"Follow Amex's Erica (^E) & Alicia (^A) for insider news, access & more. See our Likes page for Card Member offers https://t.co/hNYFSKuLlW",9,873096,1,,https://twitter.com/AmericanExpress,42712551,NULL,0,0,en,0,"Community Guidelines","American Express",https://pbs.twimg.com/profile_banners/42712551/1459447268/web,http://pbs.twimg.com/profile_images/458274195223236608/I0lD_2RX_normal.png,0,AmericanExpress,44715,"Eastern Time (US & Canada)",https://t.co/MLO0oaKCXp,-14400,null,NULL
57,Nordstrom,"2008-06-18 14:29:56",0,0,"Serving customers since 1901. Tweeting since 2008. Customer service: 1-888-282-6060 #nordstrom",1863,691192,1,,https://twitter.com/Nordstrom,15162193,NULL,0,0,en,0,"Seattle, WA",Nordstrom,https://pbs.twimg.com/profile_banners/15162193/1459454142/web,http://pbs.twimg.com/profile_images/656847223003582465/ebviBWYN_normal.png,0,Nordstrom,206875,"Pacific Time (US & Canada)",http://t.co/VIxNJYaX1y,-25200,null,NULL
58,"Build-A-Bear Workshop","2008-06-03 14:55:56",0,0,"The place to make your own furry friends and dress them in the latest fashions and accessories.",5795,54393,1,,https://twitter.com/buildabear,14997308,NULL,0,0,en,0,Worldwide,Build-A-BearWorkshop,https://pbs.twimg.com/profile_banners/14997308/1461889109/web,http://pbs.twimg.com/profile_images/564882474035990528/vjLpEVdp_normal.jpeg,0,buildabear,9592,"Central Time (US & Canada)",http://t.co/61XZl3FDRV,-18000,null,NULL
59,"General Mills","2010-08-30 11:11:38",0,0,"Welcome to General Mills Careers on Twitter! Let's talk!",172,5920,0,,https://twitter.com/GenMillsCareers,184856455,NULL,0,0,en,0,"Minneapolis, MN","GeneralMills Careers",https://pbs.twimg.com/profile_banners/184856455/1440006399/web,http://pbs.twimg.com/profile_images/634058953375158272/ovVBg1zA_normal.jpg,0,GenMillsCareers,2367,"Central Time (US & Canada)",http://t.co/nyJjQyBsEW,-18000,null,NULL
60,TDIndustries,"2014-10-22 05:32:08",0,0,"Premier mechanical construction & facility service provider in the Southwest. Tweeting culture (#GPTW), #safety, #ServantLeadership, & industry news.",233,240,0,,https://twitter.com/tdindustries,2870778488,NULL,0,0,en,0,"Offices in Texas & Arizona",TDIndustries,https://pbs.twimg.com/profile_banners/2870778488/1457018096/web,http://pbs.twimg.com/profile_images/656539924611465217/dpvfvlpN_normal.jpg,0,tdindustries,709,NULL,http://t.co/DBPrJRG3MZ,-1,null,NULL
61,"Atlantic Health","2015-11-29 00:57:40",1,1,,0,2,0,,https://twitter.com/TheAtlanticHLTH,4315939756,NULL,0,0,en,0,,TheAtlanticHLTH,NULL,http://abs.twimg.com/sticky/default_profile_images/default_profile_2_normal.png,0,TheAtlanticHLTH,0,"Pacific Time (US & Canada)",NULL,-25200,null,NULL
62,QuikTrip,"2013-02-06 08:35:38",0,0,"Welcome to the official QuikTrip Twitter page. QuikTrip has been serving our customers quality products with a smile for over 50 years. IG: @quiktrip",4284,16524,0,,https://twitter.com/QuikTrip,1154321220,NULL,0,0,en,0,,QuikTrip,https://pbs.twimg.com/profile_banners/1154321220/1461769631/web,http://pbs.twimg.com/profile_images/715283346683613184/mFVJ2oXm_normal.jpg,0,QuikTrip,8959,"Central Time (US & Canada)",https://t.co/6nP32QnVwm,-18000,null,NULL
63,Deloitte,"2007-08-27 02:42:35",0,0,"Sharing the latest news, research, events and more from Deloitte Touche Tohmatsu Limited (DTTL) and Deloitte member firms. More http://t.co/HyPqP9jXTI",930,301266,1,,https://twitter.com/Deloitte,8457092,NULL,0,0,en,0,Global,Deloitte,https://pbs.twimg.com/profile_banners/8457092/1434042269/web,http://pbs.twimg.com/profile_images/621692078628675584/XNuZe_uh_normal.png,0,Deloitte,15492,"Central Time (US & Canada)",http://t.co/ctV7DszPEl,-18000,null,NULL
64,Genentech,"2009-03-30 13:23:41",0,0,"Official Twitter Site for Genentech Jobs",491,3208,1,,https://twitter.com/GenentechJobs,27708036,NULL,0,0,en,0,"South San Francisco","Genentech Jobs",https://pbs.twimg.com/profile_banners/27708036/1423174278/web,http://pbs.twimg.com/profile_images/562701735139872768/bXNgDh6a_normal.jpeg,0,GenentechJobs,6416,"Pacific Time (US & Canada)",http://t.co/7GSOFFc9FI,-25200,null,NULL
65,"Umpqua Bank","2009-08-26 14:21:44",0,0,"2009 FORTUNE magazine's 100 Best Companies to Work For. Member FDIC. Equal Housing Lender. SBA Preferred Lender.",0,466,1,,https://twitter.com/umpquabankjobs,69084338,NULL,0,0,en,0,,"Umpqua Bank Jobs",NULL,http://pbs.twimg.com/profile_images/390284992/umpquabank_logo_normal.JPG,0,umpquabankjobs,608,"Pacific Time (US & Canada)",http://t.co/mHHwmCmZTh,-25200,null,NULL
66,"Teach For America","2009-02-02 10:32:14",0,0,"One day, all children in this nation will have the opportunity to attain an excellent education.",20767,137365,1,,https://twitter.com/TeachForAmerica,19918047,NULL,0,0,en,0,"United States","Teach For America",https://pbs.twimg.com/profile_banners/19918047/1443031828/web,http://pbs.twimg.com/profile_images/646726655105351684/3Zwp7fsp_normal.png,0,TeachForAmerica,20378,"Central Time (US & Canada)",http://t.co/9QQLZhc9tF,-18000,null,NULL
67,"Mayo Clinic","2008-12-27 09:52:46",0,0,"A Life-Changing Career. Following doesn't = endorsement. To request follow, tweet @mayoclinicjobs, please follow. Mayo Clinic is an AA/EOEE.",0,4380,0,,https://twitter.com/mayoclinicjobs,18410558,NULL,0,0,en,0,"MN, FL, AZ, IA, WI, GA","Mayo Clinic Jobs",NULL,http://pbs.twimg.com/profile_images/1140165477/New_twitter_logo_normal.jpg,0,mayoclinicjobs,39783,"Central Time (US & Canada)",http://t.co/Pnz0aiPpiL,-18000,null,NULL
68,Starbucks,"2009-07-24 15:58:36",0,0,"Lets talk about the Opportunity to be more than an employee, #tobeapartner.",2886,87179,1,,https://twitter.com/StarbucksJobs,59899837,NULL,0,0,en,0,"Seattle, WA","Starbucks Jobs",https://pbs.twimg.com/profile_banners/59899837/1432919416/web,http://pbs.twimg.com/profile_images/631193541826359296/eKm9U0kt_normal.png,0,StarbucksJobs,11126,"Pacific Time (US & Canada)",http://t.co/OJrwXrS1G9,-25200,null,NULL
69,"Rackspace Hosting","2009-04-10 11:16:37",1,0,,0,519,0,,https://twitter.com/RackspaceJobs/status/8915237458,30262383,NULL,0,0,en,0,,"Rackspace Careers",NULL,http://pbs.twimg.com/profile_images/141149283/Fanatical_bigger_normal.jpg,0,RackspaceJobs,741,NULL,NULL,-1,null,NULL
70,"FactSet Research Systems","2009-07-17 08:03:21",0,0,"This Twitter account is managed by FactSet Marketing and Recruiting reps from around the world. If you have a question, we want to hear it!!",252,1830,1,,https://twitter.com/FactSetCareers,57650435,NULL,0,0,en,0,Worldwide,"FactSet Careers",https://pbs.twimg.com/profile_banners/57650435/1457538851/web,http://pbs.twimg.com/profile_images/504697816048877568/uIbQgVFN_normal.png,0,FactSetCareers,9617,"Eastern Time (US & Canada)",http://t.co/DPAw0qKdcm,-14400,null,NULL
71,Microsoft,"2008-04-09 12:52:37",0,0,"The official page of Microsoft Recruiting. 
Find out what it's really like to work here.",5846,68855,0,,https://twitter.com/MicrosoftJobs,14344319,NULL,0,0,en,0,"Redmond, WA","Microsoft Careers",https://pbs.twimg.com/profile_banners/14344319/1461183555/web,http://pbs.twimg.com/profile_images/649357447308509185/rhShTZqc_normal.jpg,0,MicrosoftJobs,13306,"Pacific Time (US & Canada)",http://t.co/obrUyHN2Ck,-25200,null,NULL
72,Aflac,"2011-04-06 22:08:28",1,0,"The No. 1 provider of supplemental and guaranteed-renewable insurance in the U.S. Follow us for the latest in benefits news, trends, and best practices.",214,24352,0,,https://twitter.com/Aflac,278365892,NULL,0,0,en,0,,Aflac,https://pbs.twimg.com/profile_banners/278365892/1457470239/web,http://pbs.twimg.com/profile_images/529312955976781825/qHUUcsTK_normal.jpeg,0,Aflac,2334,"Eastern Time (US & Canada)",http://t.co/eLM2G6FyfI,-14400,null,NULL
73,"Publix Super Markets","2009-07-14 13:12:51",0,0,"Official site announcing jobs with Publix, the largest employee-owned supermarket chain in the US.  Publix, where shopping (and working) is a pleasure!",107,11620,0,,https://twitter.com/PublixJobs,56785107,NULL,0,0,en,0,"Southeastern United States","Publix Jobs",https://pbs.twimg.com/profile_banners/56785107/1442064052/web,http://pbs.twimg.com/profile_images/642689794204639232/mK7Uisb1_normal.jpg,0,PublixJobs,12980,"Eastern Time (US & Canada)",http://t.co/nSbAQ3Fjph,-14400,null,NULL
74,Mattel,"2009-12-21 13:01:40",0,0,"At Mattel, we are Creating the Future of Play.",346,53662,1,,https://twitter.com/Mattel,98458823,NULL,0,0,en,0,,Mattel,https://pbs.twimg.com/profile_banners/98458823/1398365172/web,http://pbs.twimg.com/profile_images/1715922671/7219_152274167599_148757037599_2648143_8226052_n_normal.jpg,0,Mattel,4014,"Pacific Time (US & Canada)",http://t.co/jf3R7zlQls,-25200,null,NULL
75,Stryker,"2011-10-06 15:48:37",0,0,"Stryker offers results-driven people a place where they can make a difference.",149,1775,0,,https://twitter.com/Stryker_Jobs,386225125,NULL,0,0,en,0,,"Stryker Careers",https://pbs.twimg.com/profile_banners/386225125/1460467156/web,http://pbs.twimg.com/profile_images/465914629617487873/CPOFzy84_normal.jpeg,0,Stryker_Jobs,1296,"Eastern Time (US & Canada)",http://t.co/g0cVK5dUv8,-14400,null,NULL
76,SRC/SRCTec,"2009-09-30 13:01:07",0,0,,0,20,0,,https://twitter.com/SRCTecCareers,78681420,NULL,0,0,en,0,,"Careers at SRCTec",NULL,http://pbs.twimg.com/profile_images/459977302/SRCTec_RGB_normal_normal.png,0,SRCTecCareers,204,NULL,NULL,-1,null,NULL
77,Hasbro,"2011-08-02 10:21:41",0,0,"Great Brands - Great People - Great Careers...Find out what the buzz is about & Come Play With Us!",78,1736,0,,https://twitter.com/hasbrocareers,347317843,NULL,0,0,en,0,"Pawtucket, RI","Hasbro Careers",https://pbs.twimg.com/profile_banners/347317843/1435590313/web,http://pbs.twimg.com/profile_images/1474926382/HASBRO_LOGO_NEW_normal.jpg,0,hasbrocareers,1532,"Eastern Time (US & Canada)",http://t.co/FEQnZRFx3R,-14400,null,NULL
78,"Bright Horizons Family Solutions","2011-09-15 05:52:17",0,0,"Working for Bright Horizons you are fulfilling our commitment to parents to prepare their children for success in school and life.",19,1074,1,,https://twitter.com/BHjobsUK,373917299,NULL,0,0,en,0,,"Bright Horizons Jobs",https://pbs.twimg.com/profile_banners/373917299/1412327873/web,http://pbs.twimg.com/profile_images/423394726834733056/RSjxg3oA_normal.jpeg,0,BHjobsUK,968,Casablanca,http://t.co/RhJeR6eODX,3600,null,NULL
79,"Booz Allen Hamilton","2008-11-13 16:07:22",0,0,"Provides management & tech consulting to US govt. in defense, intelligence, and civil markets, & to major corporations, institutions, and non-profit orgs.",5942,36866,0,,https://twitter.com/BoozAllen,17375116,NULL,0,0,en,0,"McLean, VA","Booz Allen Hamilton",https://pbs.twimg.com/profile_banners/17375116/1458045976/web,http://pbs.twimg.com/profile_images/1827047757/Favicon_Final_normal.png,0,BoozAllen,12191,"Eastern Time (US & Canada)",http://t.co/0q9p4zuiW5,-14400,null,NULL
80,"Hitachi Data Systems","2008-07-08 09:27:17",0,0,"Hitachi Data Systems (HDS) builds innovative IT solutions for business and social prosperity.",1155,20478,0,,https://twitter.com/HDScorp,15354310,NULL,0,0,en,0,"Santa Clara, California","Hitachi Data Systems",https://pbs.twimg.com/profile_banners/15354310/1430931048/web,http://pbs.twimg.com/profile_images/595993979063111680/NWmDyfFM_normal.jpg,0,HDScorp,14935,"Pacific Time (US & Canada)",http://t.co/aAHrlMoSLA,-25200,null,NULL
81,"The Everett Clinic","2009-03-25 12:01:52",0,0,"A physician-led group of more than 500 healthcare providers in primary and specialty medical care doing what is right for each patient.",862,2045,0,,https://twitter.com/everettclinic,26550996,NULL,0,0,en,0,"Snohomish County, Washington","The Everett Clinic",https://pbs.twimg.com/profile_banners/26550996/1462203584/web,http://pbs.twimg.com/profile_images/572895358380818432/wSspUM-v_normal.png,0,everettclinic,7604,"Pacific Time (US & Canada)",http://t.co/4sSLNMQmvf,-25200,null,NULL
82,OhioHealth,"2014-12-08 15:43:01",0,0,"OhioHealth is a not-for-profit, faith-based health system that has served central Ohio since 1891. Join us! Together WE can make a difference.",0,170,1,,https://twitter.com/OhioHealthJobs,2923178940,NULL,0,0,en,0,,"OhioHealth Jobs",https://pbs.twimg.com/profile_banners/2923178940/1418078634/web,http://pbs.twimg.com/profile_images/542087163731390465/VN0F1Uqb_normal.jpeg,0,OhioHealthJobs,943,NULL,http://t.co/E5rXb3nwRL,-1,null,NULL
83,Morningstar,"2012-05-02 14:32:44",0,0,"Follow us for updates on open positions, application tips, and insight on what it's like to work at Morningstar!",28,234,0,,https://twitter.com/MorningstarJobs,569404984,NULL,0,0,en,0,,"Morningstar Careers",https://pbs.twimg.com/profile_banners/569404984/1359735913/web,http://pbs.twimg.com/profile_images/378800000115783290/c7af0757dfaaa9d055e1f58078afdd86_normal.png,0,MorningstarJobs,361,"Eastern Time (US & Canada)",http://t.co/wCVsRNlncZ,-14400,null,NULL
84,Cisco,"2009-09-07 09:44:52",0,0,"Jobs for network engineers and cisco certified   technicians.",0,1173,0,,https://twitter.com/ciscojob,72310385,NULL,0,0,en,0,USA,"Cisco Jobs",NULL,http://pbs.twimg.com/profile_images/408505105/cistw2_normal.png,0,ciscojob,5690,"Eastern Time (US & Canada)",http://t.co/k4iLdWkxdA,-14400,null,NULL
85,CarMax,"2007-06-22 14:37:13",0,0,"We're the nation's largest used car retailer. Customer Relations is available to help you from 9A-8P, ET, Mon. - Fri. at 855-562-4935.",1899,35900,1,,https://twitter.com/CarMax,7023592,NULL,0,0,en,0,"Richmond, VA",CarMax,https://pbs.twimg.com/profile_banners/7023592/1441809519/web,http://pbs.twimg.com/profile_images/458970501172301826/63JNVTLh_normal.png,0,CarMax,24570,"Eastern Time (US & Canada)",http://t.co/0iCrRMRy49,-14400,null,NULL
86,Accenture,"2016-02-15 08:21:31",1,0,"We've changed usernames. Please follow @AccentureUSJobs for info on Accenture careers in the United States. Thanks for visiting!",0,0,0,,https://twitter.com/Accenture_Jobs,4914068643,NULL,0,0,en,0,,"Accenture Jobs - Old",NULL,http://pbs.twimg.com/profile_images/699252700102275072/-dchJObM_normal.jpg,1,accenture_jobs,0,NULL,NULL,-1,null,NULL
87,KPMG,"2009-03-27 12:31:35",0,0,"One firm. One team. Countless opportunities.",1,15294,0,USA,https://twitter.com/KPMGUSCareers,27064606,NULL,0,0,en,0,USA,"KPMG US CAREERS",https://pbs.twimg.com/profile_banners/27064606/1402422348/web,http://pbs.twimg.com/profile_images/672875743450394624/aYQuQpMo_normal.png,0,KPMGUSCareers,13491,"Eastern Time (US & Canada)",http://t.co/u1LXguL0hm,-14400,null,NULL
88,"Meridian Health","2010-01-12 15:02:35",0,0,"A Premier Health Care Provider in New Jersey. Follow us on @MeridianMoms @365Daysofheart @YourLifeYW @meridiantalent",568,6054,1,,https://twitter.com/MeridianNJ,104286484,NULL,0,0,en,0,"Neptune, New Jersey","Meridian Health",https://pbs.twimg.com/profile_banners/104286484/1461962774/web,http://pbs.twimg.com/profile_images/600294521029689344/ASUcj5We_normal.jpg,0,MeridianNJ,8197,"Eastern Time (US & Canada)",https://t.co/A7bDogCNKB,-14400,null,NULL
89,"Capital One","2011-08-31 09:03:16",0,0,"Our philosophy is simple: recruit great people and give them the opportunity to be great. EEO Employer/Protected Veteran/Disabled",44,1720,1,,https://twitter.com/capitalonejobs,365500647,NULL,0,0,en,0,"McLean, VA","Capital One Jobs",https://pbs.twimg.com/profile_banners/365500647/1436373370/web,http://pbs.twimg.com/profile_images/473459634963881984/U9_nzNf2_normal.png,0,capitalonejobs,1149,"Atlantic Time (Canada)",http://t.co/lRxTmnWa8x,-10800,null,NULL
90,"Darden Restaurants","2011-09-13 08:58:58",0,0,"Across every one of our unique brands and in every role, we’re creating a company that matters. Official news, updates and stories from Darden Restaurants.",505,8268,0,,https://twitter.com/darden,372854615,NULL,0,0,en,0,"Orlando, FL","Darden Restaurants",https://pbs.twimg.com/profile_banners/372854615/1406569748/web,http://pbs.twimg.com/profile_images/1768583659/Darden_swoosh_normal.jpg,0,darden,2463,"Eastern Time (US & Canada)",http://t.co/49AObAwdzs,-14400,null,NULL
91,"Stew Leonard's","2009-03-11 11:21:09",0,0,"The Original Farm-To-Table Food Store!",3872,7380,1,,https://twitter.com/StewLeonards,23794152,NULL,0,0,en,0,"Stores in CT and NY","Stew Leonard's",https://pbs.twimg.com/profile_banners/23794152/1460066852/web,http://pbs.twimg.com/profile_images/458997038097518592/mYykPJmR_normal.jpeg,0,StewLeonards,9039,Quito,http://t.co/ej5AYomCVf,-18000,null,NULL
92,"Four Seasons Hotels","2008-12-24 12:10:18",0,0,"Four Seasons Hotels and Resorts Twitter stream. Follow us for up-to-the-tweet Hotel and Resort news and updates.",1833,218260,1,,https://twitter.com/FourSeasons,18363030,NULL,0,0,en,0,Worldwide,"Four Seasons Hotels",https://pbs.twimg.com/profile_banners/18363030/1459446613/web,http://pbs.twimg.com/profile_images/726168282621947904/CIpjvAFR_normal.jpg,0,FourSeasons,49327,"Eastern Time (US & Canada)",https://t.co/BraUR1Z3LW,-14400,null,NULL
93,"S.C. Johnson & Son","2011-06-30 08:48:13",0,0,"We’re SC Johnson, A Family Company since 1886. Follow along for tweets from our Global Corporate Affairs, Communication & Sustainability team.",364,16537,0,,https://twitter.com/SCJohnson,326813935,NULL,0,0,en,0,,"SC Johnson",https://pbs.twimg.com/profile_banners/326813935/1462119158/web,http://pbs.twimg.com/profile_images/654334462566658048/h4pWQ89i_normal.jpg,0,SCJohnson,17142,"Central Time (US & Canada)",http://t.co/gCuO5kkSPJ,-18000,null,NULL
94,"Arkansas Children's Hospital","2008-09-16 20:47:57",0,0,"At Arkansas Children's Hospital, we champion children by making them better today and healthier tomorrow.",59,12892,1,,https://twitter.com/archildrens,16322617,NULL,0,0,en,0,"Little Rock, AR","Arkansas Children's",https://pbs.twimg.com/profile_banners/16322617/1400861070/web,http://pbs.twimg.com/profile_images/630762193043111936/wFWoUJnn_normal.png,0,archildrens,1793,"Central Time (US & Canada)",http://t.co/FJQTAgyzlY,-18000,null,NULL
95,Gilbane,"2009-06-30 09:36:47",0,0,"International construction management firm providing facility solutions for healthcare, education, mission critical and more.",605,16200,0,,https://twitter.com/GilbaneBuilding,52426577,NULL,0,0,en,0,,"Gilbane Building Co",https://pbs.twimg.com/profile_banners/52426577/1438092482/web,http://pbs.twimg.com/profile_images/626031407639363584/s6vZx-H5_normal.png,0,GilbaneBuilding,6704,"Eastern Time (US & Canada)",http://t.co/lD6da1W2T9,-14400,null,NULL
96,"Brocade Communications Systems","2015-03-03 16:26:31",0,0,"Please join us over at @Brocade for amazing insights around all your favorite topics: #NewIP, storage networking, and more.",2,77,0,,https://twitter.com/BRCDcomm,3060602845,NULL,0,0,en,0,"We are all over the world!","Brocade old account",https://pbs.twimg.com/profile_banners/3060602845/1428959822/web,http://pbs.twimg.com/profile_images/586253195313156096/ek0xWrfN_normal.png,0,BRCDcomm,6,NULL,http://t.co/UC2I8J5ZRd,-1,null,NULL
97,"CH2M Hill","2015-01-12 14:22:37",1,1,"This is not an active profile. Please visit @CH2Mcareers for #engineering and other worldwide #jobs at CH2M.",0,20,0,,https://twitter.com/CH2MHILLJobs,2977638690,NULL,0,0,en,0,,"CH2M Jobs",NULL,http://abs.twimg.com/sticky/default_profile_images/default_profile_5_normal.png,0,ch2mhilljobs,1,"Mountain Time (US & Canada)",http://t.co/Y09RyB04sZ,-21600,null,NULL
98,Aéropostale,"2009-07-10 09:40:42",0,0,"Designed in NYC.",5495,752356,0,,https://twitter.com/Aeropostale,55592183,NULL,0,0,en,0,"New York City",AERO,https://pbs.twimg.com/profile_banners/55592183/1454596521/web,http://pbs.twimg.com/profile_images/686964509383069696/5NCSJtvm_normal.png,0,Aeropostale,11821,"Eastern Time (US & Canada)",https://t.co/1NiQv3dqkW,-14400,null,NULL
99,MITRE,"2009-03-21 08:57:22",0,0,"The Official MITRE News & Information Community (Replying/Following/Re-tweeting ≠ endorsement)",730,4433,1,,https://twitter.com/MITREcorp,25681997,NULL,0,0,en,0,"HQ in Bedford, MA, McLean, VA",MITRE,https://pbs.twimg.com/profile_banners/25681997/1406293097/web,http://pbs.twimg.com/profile_images/1748466709/mitre_twitter_normal.png,0,MITREcorp,2158,"Eastern Time (US & Canada)",http://t.co/LXa808ALh6,-14400,null,NULL
100,Grainger,"2011-02-23 07:37:03",0,0,"Take a look inside the @grainger internship experience: http://t.co/qsnypDoivA",49,337,0,,https://twitter.com/GraingerCareers,256527508,NULL,0,0,en,0,"Lake Forest, IL","Grainger Careers",https://pbs.twimg.com/profile_banners/256527508/1441984712/web,http://pbs.twimg.com/profile_images/638811780626542593/bHrDUtbR_normal.jpg,0,GraingerCareers,747,"Central Time (US & Canada)",http://t.co/fT0wmYhDPK,-18000,null,NULL
101,Colgate-Palmolive,"2009-02-24 11:18:34",0,0,"Celebrate the special moments in life that bring out your bright, Colgate Smile!",799,47986,1,,https://twitter.com/Colgate,21778607,NULL,0,0,en,0,,"Colgate Smile",https://pbs.twimg.com/profile_banners/21778607/1454696359/web,http://pbs.twimg.com/profile_images/532207859526688768/dgZGn-DI_normal.jpeg,0,Colgate,3861,"Central Time (US & Canada)",http://t.co/r8KhfDTOU8,-18000,null,NULL
102,Monsanto,"2007-11-30 09:04:49",0,0,"Monsanto is an agricultural company working with others to address the world's food challenges and sustain the environment.",381,87468,1,,https://twitter.com/MonsantoCo,10742132,NULL,0,0,en,0,"St. Louis, MO","Monsanto Company",https://pbs.twimg.com/profile_banners/10742132/1460468856/web,http://pbs.twimg.com/profile_images/577498917564104705/bU_yMMAw_normal.png,0,MonsantoCo,26196,"Central Time (US & Canada)",http://t.co/OTITOQOkF2,-18000,null,NULL
103,FedEx,"2014-01-27 12:41:18",1,0,,0,170,0,,https://twitter.com/FedExOfficeJobs,2314188024,NULL,0,0,en,0,,"FedEx Office Jobs",https://pbs.twimg.com/profile_banners/2314188024/1427474926/web,http://pbs.twimg.com/profile_images/581507621661777920/-v2t5nth_normal.jpg,0,FedExOfficeJobs,2878,"Central Time (US & Canada)",NULL,-18000,null,NULL
104,"Orrick Herrington & Sutcliffe","2009-04-20 17:58:23",0,0,"Orrick, Herrington & Sutcliffe LLP - A Global Law Firm. Attorney Advertising Policy and Disclaimer: http://t.co/PXbh6JqVC2",54,4267,0,,https://twitter.com/Orrick,33724349,NULL,0,0,en,0,,Orrick,NULL,http://pbs.twimg.com/profile_images/2182116315/obldgsf_05_cmyk_normal.jpg,0,Orrick,2448,"Eastern Time (US & Canada)",http://t.co/9vQQoLgPQT,-14400,null,NULL
105,"LifeBridge Health","2013-10-29 14:00:52",0,0,"Caring for Our Communities Together.",0,32,1,,https://twitter.com/LBHealthJobs,2163458978,NULL,0,0,en,0,"Baltimore, MD","LifeBridge Health",https://pbs.twimg.com/profile_banners/2163458978/1384541406/web,http://pbs.twimg.com/profile_images/378800000707779923/ec80e68a3934ca1040c73ee831673a5e_normal.png,0,LBHealthJobs,6,NULL,NULL,-1,null,NULL
106,"Herman Miller","2008-12-12 12:50:03",0,0,"Inspiring designs to help people do great things",1079,379499,0,,https://twitter.com/HermanMiller,18084100,NULL,0,0,en,0,"Zeeland, MI","Herman Miller",https://pbs.twimg.com/profile_banners/18084100/1457024821/web,http://pbs.twimg.com/profile_images/378800000220514815/61349c1a3fea490f01a2b5e54f2a7e36_normal.png,0,HermanMiller,11671,"Eastern Time (US & Canada)",http://t.co/FXpCVsuDLL,-14400,null,NULL
107,"Texas Instruments","2008-02-18 00:30:29",0,0,"Texas Instruments is an analog & digital semiconductor IC design/manufacturing co., including solutions for embedded/application processing. Tweets by TI folks.",1742,60449,0,,https://twitter.com/TXInstruments,13613292,NULL,0,0,en,0,Worldwide,"Texas Instruments",https://pbs.twimg.com/profile_banners/13613292/1460930801/web,http://pbs.twimg.com/profile_images/474264057977905152/vN8r8wxQ_normal.png,0,TXInstruments,18427,"Central Time (US & Canada)",http://t.co/GDTw6FyS6I,-18000,null,NULL
108,"Vanderbilt University","2009-05-21 10:38:55",0,0,"The official Twitter account of Vanderbilt University Medical Center. Sharing the latest health news & medical research. https://t.co/hg8LFivkYu",590,23298,0,,https://twitter.com/VUMChealth,41621787,NULL,0,0,en,0,"Nashville, TN","Vanderbilt Univ Med",https://pbs.twimg.com/profile_banners/41621787/1401220661/web,http://pbs.twimg.com/profile_images/461519531018448896/OHYZ6cBq_normal.jpeg,0,VUMChealth,18314,"Central Time (US & Canada)",https://t.co/ZzsGdfjf8b,-18000,null,NULL
109,Sherwin-Williams,"2010-02-04 11:00:56",0,0,"With 150 years of experience & more than 4,000 stores worldwide, we know paint. Let's talk about it. #AskSW. For Spanish, follow @SWPintura",6320,144568,0,,https://twitter.com/SherwinWilliams,111372861,NULL,0,0,en,0,,Sherwin-Williams,https://pbs.twimg.com/profile_banners/111372861/1403483755/web,http://pbs.twimg.com/profile_images/600360773286817793/v22j67f5_normal.jpg,0,SherwinWilliams,7691,"Eastern Time (US & Canada)",https://t.co/IRHuG6SHyk,-14400,null,NULL
110,"SRA International","2008-12-16 10:23:06",0,0,"Dedicated to solving complex problems of global significance: Federal, Civil Gov't, National Security, and Global Health markets",1,994,0,,https://twitter.com/SRA_One,18166849,NULL,0,0,en,0,"HQ Fairfax VA, 100+ locations","SRA International OP",NULL,http://pbs.twimg.com/profile_images/479811729/clip_image002_normal.jpg,0,SRA_One,978,"Central Time (US & Canada)",http://t.co/OH8JeMU1m5,-18000,null,NULL
111,"David Weekley Homes","2009-03-19 15:30:05",0,0,"David Weekley Homes began in 1976 and has grown to become the largest privately-held home builder in America.",899,4571,1,,https://twitter.com/DavidWeekley,25389817,NULL,0,0,en,0,"Houston, Texas","David Weekley Homes",https://pbs.twimg.com/profile_banners/25389817/1440093096/web,http://pbs.twimg.com/profile_images/666292617630478336/Tw8KBldB_normal.png,0,DavidWeekley,2587,"Central Time (US & Canada)",http://t.co/vFEchohPQw,-18000,null,NULL
112,"WellStar Health System","2009-05-20 14:19:40",0,0,"Our vision is to deliver world-class health care.",223,6748,1,,https://twitter.com/WellStarHealth,41440062,NULL,0,0,en,0,"Georgia, United States",WellStarHealthSystem,https://pbs.twimg.com/profile_banners/41440062/1448036752/web,http://pbs.twimg.com/profile_images/424282429050744833/XDCEsw6B_normal.png,0,WellStarHealth,2916,"Eastern Time (US & Canada)",http://t.co/xK0AmXT7x7,-14400,null,NULL
113,TEKsystems,"2015-08-19 13:06:06",1,0,"Work for a company that works for YOU! Follow us on IG: TEKcareers #BestofStaffing #100BestCos #WorkHardPlayHard",14,224,0,,https://twitter.com/TEKcareers,3431881523,NULL,0,0,en,0,,"TEKsystems Careers",https://pbs.twimg.com/profile_banners/3431881523/1457017888/web,http://pbs.twimg.com/profile_images/634083425666863104/FfhYOiev_normal.jpg,0,TEKcareers,269,"Eastern Time (US & Canada)",https://t.co/PVN4SOAzft,-14400,null,NULL
114,"Roche Diagnostics","2012-05-25 12:25:11",0,0,"Doing now what patients need next.
Terms of Use:
https://t.co/6e36ZpMo2s",387,1599,0,USA,https://twitter.com/RocheDiaUSA,590205767,NULL,0,0,en,0,"Indianapolis, IN","Roche Diagnostics US",https://pbs.twimg.com/profile_banners/590205767/1447765744/web,http://pbs.twimg.com/profile_images/510541652385996800/CCqMjwWk_normal.png,0,RocheDiaUSA,1297,"Indiana (East)",http://t.co/9TBv8zE4kE,-14400,null,NULL
115,"Roche Diagnostics","2009-08-04 08:42:56",0,0,"Roche Diagnostics is the UK’s leading provider of diagnostics, helping patients and health professionals to detect, monitor and manage conditions",381,4576,0,UK,https://twitter.com/RocheDiaUK,62834641,NULL,0,0,en,0,"Burgess Hill Sussex, UK","Roche Diagnostics",https://pbs.twimg.com/profile_banners/62834641/1418227516/web,http://pbs.twimg.com/profile_images/542712242857201664/UHxXDagU_normal.png,0,RocheDiaUK,676,London,http://t.co/Z5ly1KQChb,3600,null,NULL
116,"Kimley-Horn and Associates","2009-06-23 12:25:02",0,0,"As one of the country's premier design consulting firms, we have many disciplines but only one expertise: making our clients successful.",247,2129,1,,https://twitter.com/KimleyHorn,50056003,NULL,0,0,en,0,U.S.,KimleyHorn,https://pbs.twimg.com/profile_banners/50056003/1460989159/web,http://pbs.twimg.com/profile_images/461835979586666496/gHSSkkEu_normal.jpeg,0,KimleyHorn,577,Quito,http://t.co/dG9mUa1KKV,-18000,null,NULL
117,Mars,"2011-05-17 10:51:07",0,0,"Page subject to https://t.co/D6VM3oOSki & https://t.co/cfiISGrQBx. Mars is not responsible for content or activity made available via 3rd party sites/services.",2635,15355,1,,https://twitter.com/MarsGlobal,300360969,NULL,0,0,en,0,"McLean, VA","Mars, Incorporated",https://pbs.twimg.com/profile_banners/300360969/1455235214/web,http://pbs.twimg.com/profile_images/654468191314309120/45vCNMrH_normal.jpg,0,MarsGlobal,4104,Arizona,http://t.co/99boCvupo2,-25200,null,NULL
118,"Discovery Communications","2009-02-26 14:06:07",0,0,"News from Discovery Communications (NASDAQ: DISCA, DISCB, DISCK), the leader in global entertainment around the world",100,96873,1,,https://twitter.com/DiscoveryComm,22061951,NULL,0,0,en,0,"Silver Spring, MD",DiscoveryComm,https://pbs.twimg.com/profile_banners/22061951/1457562998/web,http://pbs.twimg.com/profile_images/707696776158035968/ovhdqDRA_normal.jpg,0,DiscoveryComm,11282,"Eastern Time (US & Canada)",https://t.co/VRQGRtnQyj,-14400,null,NULL
119,"Arnold & Porter","2013-01-17 08:41:24",0,0,,103,1414,1,,https://twitter.com/arnoldporter,1098504926,NULL,0,0,en,0,,"Arnold & Porter LLP",https://pbs.twimg.com/profile_banners/1098504926/1457474832/web,http://pbs.twimg.com/profile_images/707320357741584385/zaHe4A90_normal.jpg,0,arnoldporter,604,NULL,http://t.co/1UD1rOAb,-1,null,NULL
120,Sheetz,"2008-05-17 12:55:56",0,0,"The official Sheetz account. Follow @Sheetz for deals, insider info, Twitter-only offers & to Feel the Love! https://t.co/qhoDRcyMZN  #SheetzRun",17968,289755,1,,https://twitter.com/sheetz,14813584,NULL,0,0,en,0,"Altoona, PA",Sheetz,https://pbs.twimg.com/profile_banners/14813584/1458666391/web,http://pbs.twimg.com/profile_images/712324639712620544/aJotn7LY_normal.jpg,0,sheetz,30534,"Eastern Time (US & Canada)",http://t.co/V2EM1JqBBF,-14400,null,NULL
121,"The Cheesecake Factory","2014-10-29 14:29:40",1,0,,0,206,0,,https://twitter.com/CakeJobs,2850334863,NULL,0,0,en,0,,"Cheesecake Factory",https://pbs.twimg.com/profile_banners/2850334863/1461871200/web,http://pbs.twimg.com/profile_images/535468360268402688/UvFiswYM_normal.jpeg,0,CakeJobs,11445,NULL,NULL,-1,null,NULL
122,"Hyland Software","2008-07-24 06:35:07",0,0,"OnBase by Hyland helps organizations realize their full potential. #ECM",1882,11341,1,,https://twitter.com/OnBase,15580925,NULL,0,0,en,0,"Westlake, Ohio","OnBase by Hyland",https://pbs.twimg.com/profile_banners/15580925/1456500615/web,http://pbs.twimg.com/profile_images/715918979928162304/xUQlJ_fK_normal.jpg,0,OnBase,11142,Quito,https://t.co/7L9Sqc6vby,-18000,null,NULL
123,"Hyatt Hotels","2008-12-06 10:01:38",0,0,"#InAHyattWorld the doors are always open! News, career opportunities, and insight into our Hyatt family!  Connect with us!",111,25743,1,,https://twitter.com/hyattcareers,17924644,NULL,0,0,en,0,Global,"Hyatt Careers",https://pbs.twimg.com/profile_banners/17924644/1363986990/web,http://pbs.twimg.com/profile_images/523049828654141440/spdW8QBx_normal.jpeg,0,hyattcareers,6849,"Central Time (US & Canada)",http://t.co/FTJJPXBhkR,-18000,null,NULL
124,"Kiewit Corporation","2011-10-10 09:23:16",0,0,"What began in 1884 with two hardworking brothers has grown into a Fortune 500 construction, mining and engineering powerhouse.",22,6521,0,,https://twitter.com/kiewit,388325606,NULL,0,0,en,0,"Omaha, NE","Kiewit Corporation",https://pbs.twimg.com/profile_banners/388325606/1411482534/web,http://pbs.twimg.com/profile_images/2138903310/Kiewit_normal.jpg,0,kiewit,1542,Hawaii,http://t.co/n3jsqmX7HQ,-36000,null,NULL
125,Cooley,"2010-03-02 11:46:25",0,0,"Where innovation meets the law.                             Tweets by the communications team.",323,5469,1,,https://twitter.com/CooleyLLP,119120977,NULL,0,0,en,0,,"Cooley LLP",https://pbs.twimg.com/profile_banners/119120977/1457743085/web,http://pbs.twimg.com/profile_images/570981651971207168/SJMLIfrH_normal.png,0,CooleyLLP,5048,"Pacific Time (US & Canada)",https://t.co/4g6br8YaT5,-25200,null,NULL
